Date,SKU_ID,Weekly_Sales
2019-01-06,1,85.15756798
2019-01-13,1,82.50323249
2019-01-20,1,83.58654059
2019-01-27,1,104.9220066
2019-02-03,1,98.77382708
2019-02-10,1,99.76037553
2019-02-17,1,104.9824164
2019-02-24,1,111.9291222
2019-03-03,1,115.491311
2019-03-10,1,121.7663747
2019-03-17,1,124.1234096
2019-03-24,1,124.4354207
2019-03-31,1,130.8888953
2019-04-07,1,129.8819052
2019-04-14,1,107.5843706
2019-04-21,1,119.5283355
2019-04-28,1,111.335944
2019-05-05,1,107.4474508
2019-05-12,1,96.4265069
2019-05-19,1,106.9280937
2019-05-26,1,95.46922555
2019-06-02,1,94.12657637
2019-06-09,1,92.05783594
2019-06-16,1,92.78323712
2019-06-23,1,86.92461307
2019-06-30,1,89.16909483
2019-07-07,1,91.84324119
2019-07-14,1,97.76461328
2019-07-21,1,97.68093162
2019-07-28,1,102.8161316
2019-08-04,1,104.2505083
2019-08-11,1,109.2619042
2019-08-18,1,122.9221651
2019-08-25,1,130.7023688
2019-09-01,1,124.9266194
2019-09-08,1,131.7546298
2019-09-15,1,126.0008132
2019-09-22,1,130.8910272
2019-09-29,1,130.5163087
2019-10-06,1,139.0599766
2019-10-13,1,130.7135428
2019-10-20,1,118.9177317
2019-10-27,1,111.111878
2019-11-03,1,112.4798069
2019-11-10,1,114.1044994
2019-11-17,1,110.5276657
2019-11-24,1,108.6962448
2019-12-01,1,92.4868657
2019-12-08,1,102.0482831
2019-12-15,1,97.92445285
2019-12-22,1,99.85151735
2019-12-29,1,101.6259283
2020-01-05,1,112.0053558
2020-01-12,1,108.6616723
2020-01-19,1,107.6739384
2020-01-26,1,113.8481143
2020-02-02,1,111.9804498
2020-02-09,1,116.6630736
2020-02-16,1,117.5668787
2020-02-23,1,124.7689201
2020-03-01,1,138.8076597
2020-03-08,1,134.2692325
2020-03-15,1,143.3497457
2020-03-22,1,148.539506
2020-03-29,1,142.9751951
2020-04-05,1,143.6691546
2020-04-12,1,133.9310338
2020-04-19,1,134.6951421
2020-04-26,1,138.7584725
2020-05-03,1,121.5115102
2020-05-10,1,127.4245686
2020-05-17,1,126.9547603
2020-05-24,1,116.6351123
2020-05-31,1,102.5736819
2020-06-07,1,110.1185722
2020-06-14,1,106.5731061
2020-06-21,1,108.9243927
2020-06-28,1,111.0280535
2020-07-05,1,105.3424249
2020-07-12,1,107.9571808
2020-07-19,1,115.2524824
2020-07-26,1,115.6975365
2020-08-02,1,126.2485719
2020-08-09,1,130.0833483
2020-08-16,1,148.8782401
2020-08-23,1,135.2788395
2020-08-30,1,140.5702148
2020-09-06,1,149.8434025
2020-09-13,1,154.3302703
2020-09-20,1,162.536318
2020-09-27,1,159.1933164
2020-10-04,1,154.0424386
2020-10-11,1,149.1876275
2020-10-18,1,149.1049928
2020-10-25,1,137.7701097
2020-11-01,1,134.980995
2020-11-08,1,124.6964648
2020-11-15,1,126.5953735
2020-11-22,1,128.5408421
2020-11-29,1,119.276299
2020-12-06,1,113.8776686
2020-12-13,1,114.3672642
2020-12-20,1,119.3116259
2020-12-27,1,115.0918858
2021-01-03,1,122.1588837
2021-01-10,1,114.0756886
2021-01-17,1,119.9332957
2021-01-24,1,126.142689
2021-01-31,1,127.0222156
2021-02-07,1,153.4285472
2021-02-14,1,138.3325781
2021-02-21,1,153.1826393
2021-02-28,1,149.5059579
2021-03-07,1,153.7049289
2021-03-14,1,160.2491643
2021-03-21,1,152.8272483
2021-03-28,1,157.0326255
2021-04-04,1,158.6967578
2021-04-11,1,153.2113856
2021-04-18,1,150.4060127
2021-04-25,1,156.2828829
2021-05-02,1,151.6910596
2021-05-09,1,140.0222556
2021-05-16,1,137.3998584
2021-05-23,1,139.8951304
2021-05-30,1,123.0245939
2021-06-06,1,129.0771884
2021-06-13,1,135.4534768
2021-06-20,1,134.6874218
2021-06-27,1,115.5941322
2021-07-04,1,123.0570795
2021-07-11,1,130.3642097
2021-07-18,1,126.5033985
2021-07-25,1,134.1171924
2021-08-01,1,141.6404176
2021-08-08,1,154.4635454
2021-08-15,1,152.3452999
2021-08-22,1,158.4822247
2021-08-29,1,164.236052
2021-09-05,1,167.8919682
2021-09-12,1,167.8576885
2021-09-19,1,163.1897412
2021-09-26,1,173.4327831
2021-10-03,1,170.8047019
2021-10-10,1,161.2485192
2021-10-17,1,160.4588846
2021-10-24,1,164.6847745
2021-10-31,1,159.1197973
2021-11-07,1,148.0647569
2021-11-14,1,145.8951831
2021-11-21,1,142.3866517
2021-11-28,1,142.5881511
2021-12-05,1,142.915401
2021-12-12,1,135.1188287
2021-12-19,1,139.8377068
2021-12-26,1,138.7069262
2022-01-02,1,136.8649086
2022-01-09,1,131.1969242
2022-01-16,1,136.8060561
2022-01-23,1,149.9498301
2022-01-30,1,142.5304695
2022-02-06,1,156.7984621
2022-02-13,1,166.3316598
2022-02-20,1,166.9461551
2022-02-27,1,167.5006422
2022-03-06,1,169.8372004
2022-03-13,1,180.7670348
2022-03-20,1,180.5831674
2022-03-27,1,177.1891974
2022-04-03,1,183.1863241
2022-04-10,1,180.288225
2022-04-17,1,182.1613917
2022-04-24,1,172.4769298
2022-05-01,1,164.6947451
2022-05-08,1,160.3864777
2022-05-15,1,146.9976072
2022-05-22,1,153.2539396
2022-05-29,1,148.7746408
2022-06-05,1,139.3088319
2022-06-12,1,143.8796499
2022-06-19,1,149.8428135
2022-06-26,1,139.7201398
2022-07-03,1,140.0091722
2022-07-10,1,152.8372938
2022-07-17,1,153.9515802
2022-07-24,1,170.3370748
2022-07-31,1,153.2479518
2022-08-07,1,168.5521647
2022-08-14,1,171.6642164
2022-08-21,1,175.2642435
2022-08-28,1,183.8899836
2022-09-04,1,182.8125397
2022-09-11,1,175.9679455
2022-09-18,1,183.0314207
2022-09-25,1,194.5651465
2022-10-02,1,192.9270518
2022-10-09,1,183.4336832
2022-10-16,1,185.0804587
2022-10-23,1,192.9545769
2022-10-30,1,174.784689
2022-11-06,1,170.4786235
2022-11-13,1,167.0503968
2022-11-20,1,164.9348826
2022-11-27,1,156.4626553
2022-12-04,1,158.2831774
2022-12-11,1,143.5059512
2022-12-18,1,153.9501404
2022-12-25,1,152.7044588
2023-01-01,1,152.6989269
2023-01-08,1,153.8396184
2023-01-15,1,156.5732968
2023-01-22,1,159.7548257
2023-01-29,1,157.0096857
2023-02-05,1,172.3569242
2023-02-12,1,184.3206518
2023-02-19,1,182.0719357
2023-02-26,1,191.3389556
2023-03-05,1,186.4462625
2023-03-12,1,188.0794072
2023-03-19,1,192.5521136
2023-03-26,1,191.7359152
2023-04-02,1,190.3531587
2023-04-09,1,196.8242238
2023-04-16,1,200.7970919
2023-04-23,1,185.0896918
2023-04-30,1,175.9033191
2023-05-07,1,183.2554548
2023-05-14,1,168.3460836
2023-05-21,1,165.3856222
2023-05-28,1,170.0398698
2023-06-04,1,163.7240745
2023-06-11,1,159.0177019
2023-06-18,1,161.7569321
2023-06-25,1,159.4686019
2023-07-02,1,172.2171292
2023-07-09,1,161.7451303
2023-07-16,1,163.8969771
2023-07-23,1,170.3410473
2023-07-30,1,175.2970806
2023-08-06,1,185.4222525
2023-08-13,1,177.6343654
2023-08-20,1,194.6577331
2023-08-27,1,194.2791908
2023-09-03,1,204.6127491
2023-09-10,1,203.3222971
2023-09-17,1,207.9312625
2023-09-24,1,204.0209321
2023-10-01,1,207.6542905
2023-10-08,1,212.1652535
2023-10-15,1,197.542157
2023-10-22,1,197.2749647
2023-10-29,1,191.351425
2023-11-05,1,197.3710235
2023-11-12,1,182.7852035
2023-11-19,1,177.0429302
2023-11-26,1,174.0349427
2023-12-03,1,173.17483
2023-12-10,1,167.7179587
2023-12-17,1,168.7257939
2023-12-24,1,171.371904
2023-12-31,1,171.1808475
2024-01-07,1,178.195996
2024-01-14,1,175.7153048
2024-01-21,1,180.3899502
2024-01-28,1,187.4787944
2024-02-04,1,202.4154181
2024-02-11,1,192.4060071
2024-02-18,1,210.9218907
2024-02-25,1,199.8863118
2024-03-03,1,210.7501823
2024-03-10,1,210.8107983
2024-03-17,1,210.2874732
2024-03-24,1,218.5820138
2024-03-31,1,217.6538214
2024-04-07,1,210.7061379
2024-04-14,1,200.1010377
2024-04-21,1,205.0941468
2024-04-28,1,203.896849
2024-05-05,1,198.8494455
2024-05-12,1,198.1649508
2024-05-19,1,199.7809468
2024-05-26,1,188.3607627
2024-06-02,1,185.9996927
2024-06-09,1,181.6636839
2024-06-16,1,185.588911
2024-06-23,1,182.3190621
2024-06-30,1,184.4982415
2019-01-06,2,136.1791366
2019-01-13,2,114.0866206
2019-01-20,2,102.118749
2019-01-27,2,109.8354939
2019-02-03,2,99.22864363
2019-02-10,2,92.01959643
2019-02-17,2,106.2498673
2019-02-24,2,120.1473618
2019-03-03,2,93.50660782
2019-03-10,2,90.70210985
2019-03-17,2,96.38673068
2019-03-24,2,122.8863757
2019-03-31,2,133.2468091
2019-04-07,2,111.7857328
2019-04-14,2,116.5213876
2019-04-21,2,92.6507381
2019-04-28,2,123.1294986
2019-05-05,2,116.9787962
2019-05-12,2,92.09114714
2019-05-19,2,70.8899244
2019-05-26,2,82.58160491
2019-06-02,2,93.95860278
2019-06-09,2,130.931054
2019-06-16,2,139.0991536
2019-06-23,2,99.60125088
2019-06-30,2,100.5829517
2019-07-07,2,114.3233702
2019-07-14,2,109.6834896
2019-07-21,2,128.4088915
2019-07-28,2,99.67609827
2019-08-04,2,129.4723702
2019-08-11,2,106.0546649
2019-08-18,2,128.2683054
2019-08-25,2,106.1176523
2019-09-01,2,99.62621823
2019-09-08,2,150.484115
2019-09-15,2,133.8919542
2019-09-22,2,77.09616093
2019-09-29,2,104.3512431
2019-10-06,2,137.7348221
2019-10-13,2,90.0528046
2019-10-20,2,129.7492309
2019-10-27,2,128.0264368
2019-11-03,2,101.0520335
2019-11-10,2,115.2082745
2019-11-17,2,73.93391076
2019-11-24,2,151.4925464
2019-12-01,2,110.2517162
2019-12-08,2,132.8594778
2019-12-15,2,129.409694
2019-12-22,2,144.6401332
2019-12-29,2,109.1660997
2020-01-05,2,122.2582727
2020-01-12,2,129.7136526
2020-01-19,2,136.3319507
2020-01-26,2,142.317856
2020-02-02,2,110.032785
2020-02-09,2,106.6455211
2020-02-16,2,147.4819476
2020-02-23,2,79.88785193
2020-03-01,2,152.3796666
2020-03-08,2,115.2821865
2020-03-15,2,121.5870651
2020-03-22,2,108.38112
2020-03-29,2,121.4137127
2020-04-05,2,148.1500372
2020-04-12,2,138.4941851
2020-04-19,2,133.2803031
2020-04-26,2,125.5536839
2020-05-03,2,95.21367468
2020-05-10,2,107.5927862
2020-05-17,2,117.9611501
2020-05-24,2,134.3283543
2020-05-31,2,126.9175288
2020-06-07,2,145.544212
2020-06-14,2,135.696324
2020-06-21,2,127.6604381
2020-06-28,2,172.4383029
2020-07-05,2,135.397261
2020-07-12,2,118.9835336
2020-07-19,2,165.1713681
2020-07-26,2,152.3299093
2020-08-02,2,164.9930845
2020-08-09,2,126.8023403
2020-08-16,2,148.8968119
2020-08-23,2,100.6632905
2020-08-30,2,145.7500583
2020-09-06,2,127.2651013
2020-09-13,2,103.6680717
2020-09-20,2,151.7708892
2020-09-27,2,95.26590497
2020-10-04,2,93.56405148
2020-10-11,2,139.4173613
2020-10-18,2,143.9444327
2020-10-25,2,152.2776093
2020-11-01,2,148.0560435
2020-11-08,2,163.0996061
2020-11-15,2,147.920943
2020-11-22,2,131.6197454
2020-11-29,2,133.1431623
2020-12-06,2,129.3206112
2020-12-13,2,141.2242358
2020-12-20,2,113.7174183
2020-12-27,2,142.83243
2021-01-03,2,134.6353662
2021-01-10,2,142.2259899
2021-01-17,2,142.6373978
2021-01-24,2,88.36729539
2021-01-31,2,119.7363614
2021-02-07,2,135.9393148
2021-02-14,2,137.3518393
2021-02-21,2,143.998975
2021-02-28,2,145.207805
2021-03-07,2,169.835156
2021-03-14,2,146.1093095
2021-03-21,2,133.949316
2021-03-28,2,108.5769711
2021-04-04,2,113.5372886
2021-04-11,2,151.9685775
2021-04-18,2,162.8173279
2021-04-25,2,172.7854619
2021-05-02,2,125.7498307
2021-05-09,2,136.5800539
2021-05-16,2,147.8536667
2021-05-23,2,184.3046218
2021-05-30,2,146.0035231
2021-06-06,2,175.0812012
2021-06-13,2,147.8050525
2021-06-20,2,167.8201485
2021-06-27,2,165.636492
2021-07-04,2,148.7763081
2021-07-11,2,125.3965309
2021-07-18,2,140.7719574
2021-07-25,2,176.2844
2021-08-01,2,164.4096502
2021-08-08,2,138.5297907
2021-08-15,2,140.7062748
2021-08-22,2,113.2846358
2021-08-29,2,177.1385241
2021-09-05,2,166.3226698
2021-09-12,2,146.2094925
2021-09-19,2,153.3033877
2021-09-26,2,106.2330331
2021-10-03,2,140.2657101
2021-10-10,2,177.0385632
2021-10-17,2,170.3302482
2021-10-24,2,157.6629622
2021-10-31,2,151.1042362
2021-11-07,2,167.6763603
2021-11-14,2,146.4702
2021-11-21,2,119.1536885
2021-11-28,2,152.67322
2021-12-05,2,161.2092397
2021-12-12,2,175.9500572
2021-12-19,2,125.0222386
2021-12-26,2,151.7375781
2022-01-02,2,153.0393815
2022-01-09,2,132.8700668
2022-01-16,2,164.9982207
2022-01-23,2,170.5417662
2022-01-30,2,150.1302098
2022-02-06,2,197.3955585
2022-02-13,2,150.2561565
2022-02-20,2,148.0593376
2022-02-27,2,147.8292304
2022-03-06,2,141.3823262
2022-03-13,2,146.8614482
2022-03-20,2,129.709831
2022-03-27,2,154.9106023
2022-04-03,2,160.2403892
2022-04-10,2,113.7845096
2022-04-17,2,157.7512195
2022-04-24,2,160.9825418
2022-05-01,2,170.7812903
2022-05-08,2,184.9318623
2022-05-15,2,178.2158965
2022-05-22,2,149.1311871
2022-05-29,2,147.1598684
2022-06-05,2,173.8278503
2022-06-12,2,151.6418159
2022-06-19,2,138.3759826
2022-06-26,2,210.7695482
2022-07-03,2,157.4218783
2022-07-10,2,151.4555303
2022-07-17,2,120.4930632
2022-07-24,2,181.7133565
2022-07-31,2,145.2762481
2022-08-07,2,165.9570266
2022-08-14,2,185.1067289
2022-08-21,2,146.6385451
2022-08-28,2,168.0232155
2022-09-04,2,197.258965
2022-09-11,2,117.997926
2022-09-18,2,151.2724005
2022-09-25,2,149.7413302
2022-10-02,2,164.4437157
2022-10-09,2,167.575651
2022-10-16,2,147.6558662
2022-10-23,2,156.1433023
2022-10-30,2,154.1159202
2022-11-06,2,162.914285
2022-11-13,2,174.6441749
2022-11-20,2,188.8406531
2022-11-27,2,192.0856409
2022-12-04,2,184.4013566
2022-12-11,2,154.1988393
2022-12-18,2,171.9620536
2022-12-25,2,219.8642104
2023-01-01,2,193.0179266
2023-01-08,2,164.2668319
2023-01-15,2,205.0673371
2023-01-22,2,166.01484
2023-01-29,2,160.7578348
2023-02-05,2,202.3901632
2023-02-12,2,148.632189
2023-02-19,2,136.8992736
2023-02-26,2,194.3501671
2023-03-05,2,176.4279445
2023-03-12,2,178.7710858
2023-03-19,2,169.3449698
2023-03-26,2,172.1532096
2023-04-02,2,168.1105292
2023-04-09,2,165.102519
2023-04-16,2,170.3338235
2023-04-23,2,170.0526535
2023-04-30,2,162.0996533
2023-05-07,2,168.117595
2023-05-14,2,129.3154389
2023-05-21,2,193.4131238
2023-05-28,2,187.8749954
2023-06-04,2,178.7214038
2023-06-11,2,185.5157185
2023-06-18,2,186.5904292
2023-06-25,2,166.9884955
2023-07-02,2,171.1665758
2023-07-09,2,192.7341644
2023-07-16,2,186.6675522
2023-07-23,2,223.7335427
2023-07-30,2,215.6090263
2023-08-06,2,202.2266764
2023-08-13,2,168.6813856
2023-08-20,2,172.9745942
2023-08-27,2,164.5744501
2023-09-03,2,190.560182
2023-09-10,2,130.4955884
2023-09-17,2,176.4919501
2023-09-24,2,179.879658
2023-10-01,2,155.8778257
2023-10-08,2,202.668013
2023-10-15,2,164.2801025
2023-10-22,2,192.7674407
2023-10-29,2,243.4377862
2023-11-05,2,155.8917759
2023-11-12,2,185.4905104
2023-11-19,2,180.6619861
2023-11-26,2,177.1214656
2023-12-03,2,204.7155114
2023-12-10,2,211.986722
2023-12-17,2,205.6425532
2023-12-24,2,176.0926589
2023-12-31,2,239.5860525
2024-01-07,2,155.8538775
2024-01-14,2,170.9558102
2024-01-21,2,195.3526276
2024-01-28,2,194.0955707
2024-02-04,2,202.4182242
2024-02-11,2,224.6096749
2024-02-18,2,190.959625
2024-02-25,2,195.9808829
2024-03-03,2,182.165623
2024-03-10,2,206.1721648
2024-03-17,2,188.3856745
2024-03-24,2,188.7237547
2024-03-31,2,206.3242085
2024-04-07,2,216.5026143
2024-04-14,2,151.9917151
2024-04-21,2,203.719065
2024-04-28,2,191.4490805
2024-05-05,2,216.155136
2024-05-12,2,192.5499955
2024-05-19,2,223.9231466
2024-05-26,2,184.7234878
2024-06-02,2,153.9948004
2024-06-09,2,219.9829098
2024-06-16,2,182.4298001
2024-06-23,2,168.0453109
2024-06-30,2,200.3210684
2019-01-06,3,123.6051011
2019-01-13,3,122.7343942
2019-01-20,3,118.4683769
2019-01-27,3,104.1642631
2019-02-03,3,96.88209414
2019-02-10,3,96.72718679
2019-02-17,3,99.48165163
2019-02-24,3,94.80663788
2019-03-03,3,92.52785365
2019-03-10,3,78.75361004
2019-03-17,3,78.32398068
2019-03-24,3,74.92575757
2019-03-31,3,63.57770707
2019-04-07,3,64.73998367
2019-04-14,3,63.43844666
2019-04-21,3,53.59228672
2019-04-28,3,65.02487667
2019-05-05,3,56.00409019
2019-05-12,3,56.73852625
2019-05-19,3,52.3968296
2019-05-26,3,54.78461081
2019-06-02,3,49.94801087
2019-06-09,3,64.12829898
2019-06-16,3,79.93869032
2019-06-23,3,66.46413536
2019-06-30,3,91.11939815
2019-07-07,3,88.46222502
2019-07-14,3,84.57729992
2019-07-21,3,92.96208202
2019-07-28,3,98.27679951
2019-08-04,3,113.7719117
2019-08-11,3,114.1910767
2019-08-18,3,123.8696534
2019-08-25,3,126.0062311
2019-09-01,3,129.7272505
2019-09-08,3,137.7241385
2019-09-15,3,139.5162614
2019-09-22,3,139.3288775
2019-09-29,3,155.2092037
2019-10-06,3,147.6368212
2019-10-13,3,157.1984081
2019-10-20,3,159.097009
2019-10-27,3,166.5858019
2019-11-03,3,172.5592188
2019-11-10,3,171.406425
2019-11-17,3,168.6644892
2019-11-24,3,161.3549342
2019-12-01,3,162.0866558
2019-12-08,3,159.1819518
2019-12-15,3,155.6624653
2019-12-22,3,152.5942903
2019-12-29,3,148.5151356
2020-01-05,3,143.8718753
2020-01-12,3,146.169701
2020-01-19,3,130.9765798
2020-01-26,3,127.1899823
2020-02-02,3,117.3395827
2020-02-09,3,126.6709744
2020-02-16,3,109.9528699
2020-02-23,3,111.6730943
2020-03-01,3,105.3574494
2020-03-08,3,104.4477046
2020-03-15,3,92.01653413
2020-03-22,3,83.95696766
2020-03-29,3,77.02738378
2020-04-05,3,67.53930509
2020-04-12,3,79.52404398
2020-04-19,3,80.49276345
2020-04-26,3,77.55084546
2020-05-03,3,66.82517727
2020-05-10,3,79.66980242
2020-05-17,3,71.71139009
2020-05-24,3,72.11440729
2020-05-31,3,75.19596767
2020-06-07,3,82.01901445
2020-06-14,3,77.6729998
2020-06-21,3,88.97731638
2020-06-28,3,95.91827955
2020-07-05,3,104.3969894
2020-07-12,3,105.2415367
2020-07-19,3,103.5023328
2020-07-26,3,117.0413812
2020-08-02,3,117.2664831
2020-08-09,3,123.3374102
2020-08-16,3,128.4743405
2020-08-23,3,132.0064977
2020-08-30,3,144.8301115
2020-09-06,3,159.1583453
2020-09-13,3,170.3093693
2020-09-20,3,161.262262
2020-09-27,3,174.1852057
2020-10-04,3,170.8655123
2020-10-11,3,168.0735928
2020-10-18,3,182.6804056
2020-10-25,3,182.5215242
2020-11-01,3,191.9062228
2020-11-08,3,175.8920862
2020-11-15,3,197.5698821
2020-11-22,3,190.8521505
2020-11-29,3,181.4025635
2020-12-06,3,177.9177766
2020-12-13,3,173.1061209
2020-12-20,3,173.9080603
2020-12-27,3,168.5672686
2021-01-03,3,168.3977449
2021-01-10,3,159.6370466
2021-01-17,3,163.1100121
2021-01-24,3,151.3115913
2021-01-31,3,143.8609398
2021-02-07,3,144.6180525
2021-02-14,3,125.7155139
2021-02-21,3,129.9317824
2021-02-28,3,122.9069061
2021-03-07,3,110.5145834
2021-03-14,3,104.1343162
2021-03-21,3,113.2307817
2021-03-28,3,108.9597616
2021-04-04,3,101.5034425
2021-04-11,3,106.3027767
2021-04-18,3,97.63459667
2021-04-25,3,100.0587585
2021-05-02,3,94.98960445
2021-05-09,3,91.3038954
2021-05-16,3,87.91500517
2021-05-23,3,91.42748841
2021-05-30,3,95.11041518
2021-06-06,3,105.8492686
2021-06-13,3,106.173518
2021-06-20,3,107.8762244
2021-06-27,3,115.0341798
2021-07-04,3,118.279739
2021-07-11,3,122.343545
2021-07-18,3,119.2908295
2021-07-25,3,138.5110945
2021-08-01,3,136.7524412
2021-08-08,3,150.8306337
2021-08-15,3,157.6832358
2021-08-22,3,154.715261
2021-08-29,3,168.9749153
2021-09-05,3,168.3506031
2021-09-12,3,173.9969943
2021-09-19,3,182.2871631
2021-09-26,3,187.1900828
2021-10-03,3,190.2046063
2021-10-10,3,187.0042635
2021-10-17,3,196.1039867
2021-10-24,3,210.4718395
2021-10-31,3,186.8310857
2021-11-07,3,206.0557327
2021-11-14,3,207.2240488
2021-11-21,3,194.6552643
2021-11-28,3,197.8977699
2021-12-05,3,193.3512264
2021-12-12,3,205.0788559
2021-12-19,3,198.1647325
2021-12-26,3,194.6845609
2022-01-02,3,185.3048007
2022-01-09,3,186.5988142
2022-01-16,3,174.9693201
2022-01-23,3,176.4917858
2022-01-30,3,163.4335011
2022-02-06,3,155.1423607
2022-02-13,3,161.9223524
2022-02-20,3,147.1471462
2022-02-27,3,137.2824577
2022-03-06,3,131.9791047
2022-03-13,3,127.0521448
2022-03-20,3,131.2487068
2022-03-27,3,122.4285119
2022-04-03,3,130.8284112
2022-04-10,3,122.261807
2022-04-17,3,115.2341066
2022-04-24,3,119.2502265
2022-05-01,3,108.7303298
2022-05-08,3,101.6257748
2022-05-15,3,106.3678756
2022-05-22,3,113.1912034
2022-05-29,3,113.1936634
2022-06-05,3,120.969711
2022-06-12,3,119.4241014
2022-06-19,3,127.6038223
2022-06-26,3,135.7516496
2022-07-03,3,132.4996233
2022-07-10,3,141.2474429
2022-07-17,3,135.4014186
2022-07-24,3,149.5518953
2022-07-31,3,150.2180763
2022-08-07,3,163.4360526
2022-08-14,3,170.2607592
2022-08-21,3,176.5664512
2022-08-28,3,179.1896139
2022-09-04,3,199.0499183
2022-09-11,3,186.8835323
2022-09-18,3,191.8655938
2022-09-25,3,211.6239009
2022-10-02,3,204.1502145
2022-10-09,3,206.6980549
2022-10-16,3,226.0639509
2022-10-23,3,221.9435814
2022-10-30,3,215.8152286
2022-11-06,3,220.9340452
2022-11-13,3,229.9109005
2022-11-20,3,223.250982
2022-11-27,3,225.1219589
2022-12-04,3,220.9216218
2022-12-11,3,219.094396
2022-12-18,3,211.5671621
2022-12-25,3,207.7799828
2023-01-01,3,204.9006774
2023-01-08,3,202.6326425
2023-01-15,3,192.5633787
2023-01-22,3,189.3117252
2023-01-29,3,181.6547737
2023-02-05,3,178.1582799
2023-02-12,3,165.6532073
2023-02-19,3,179.3087133
2023-02-26,3,157.113777
2023-03-05,3,153.6846803
2023-03-12,3,146.4047615
2023-03-19,3,148.9617714
2023-03-26,3,140.7304451
2023-04-02,3,133.2293241
2023-04-09,3,138.2395355
2023-04-16,3,136.4389057
2023-04-23,3,130.3315607
2023-04-30,3,126.2242248
2023-05-07,3,140.0865926
2023-05-14,3,131.144037
2023-05-21,3,124.1098583
2023-05-28,3,139.3010168
2023-06-04,3,130.3963414
2023-06-11,3,151.4924177
2023-06-18,3,141.912536
2023-06-25,3,150.8864159
2023-07-02,3,140.2423342
2023-07-09,3,149.496432
2023-07-16,3,168.2418511
2023-07-23,3,169.1207998
2023-07-30,3,183.9252808
2023-08-06,3,182.4585732
2023-08-13,3,187.129826
2023-08-20,3,201.3057903
2023-08-27,3,204.0003126
2023-09-03,3,203.9721456
2023-09-10,3,205.196872
2023-09-17,3,204.1555761
2023-09-24,3,218.7314453
2023-10-01,3,219.3879943
2023-10-08,3,242.1431271
2023-10-15,3,229.1221757
2023-10-22,3,231.5477854
2023-10-29,3,229.2031903
2023-11-05,3,236.6396028
2023-11-12,3,235.0872024
2023-11-19,3,246.8128333
2023-11-26,3,237.9657115
2023-12-03,3,235.3825765
2023-12-10,3,232.3911935
2023-12-17,3,234.0065182
2023-12-24,3,224.2469322
2023-12-31,3,225.7561788
2024-01-07,3,225.9445818
2024-01-14,3,215.2436923
2024-01-21,3,206.4538344
2024-01-28,3,197.4660338
2024-02-04,3,195.2446015
2024-02-11,3,193.7650356
2024-02-18,3,177.6462613
2024-02-25,3,183.9425814
2024-03-03,3,175.5007969
2024-03-10,3,168.6788051
2024-03-17,3,161.4519874
2024-03-24,3,158.1266359
2024-03-31,3,159.7562603
2024-04-07,3,152.9509069
2024-04-14,3,148.5206843
2024-04-21,3,151.4580847
2024-04-28,3,150.4323496
2024-05-05,3,141.1317293
2024-05-12,3,150.4438047
2024-05-19,3,161.0283241
2024-05-26,3,152.5175379
2024-06-02,3,144.0213152
2024-06-09,3,156.4184964
2024-06-16,3,150.0225035
2024-06-23,3,179.2403019
2024-06-30,3,179.3343529
2019-01-06,4,78.18257474
2019-01-13,4,118.7256588
2019-01-20,4,120.6941001
2019-01-27,4,70.44209818
2019-02-03,4,73.92585661
2019-02-10,4,87.51895105
2019-02-17,4,89.76544636
2019-02-24,4,98.62130935
2019-03-03,4,129.0110603
2019-03-10,4,89.4332046
2019-03-17,4,81.75948073
2019-03-24,4,75.22588524
2019-03-31,4,93.34027157
2019-04-07,4,112.2254305
2019-04-14,4,153.2260284
2019-04-21,4,110.710529
2019-04-28,4,128.3521192
2019-05-05,4,125.3048123
2019-05-12,4,150.0200112
2019-05-19,4,176.2560741
2019-05-26,4,113.4628507
2019-06-02,4,111.6665984
2019-06-09,4,138.8980516
2019-06-16,4,127.6154697
2019-06-23,4,146.5315104
2019-06-30,4,116.8259591
2019-07-07,4,93.71931002
2019-07-14,4,108.9491408
2019-07-21,4,116.2522078
2019-07-28,4,108.3380281
2019-08-04,4,100.9767348
2019-08-11,4,112.2038628
2019-08-18,4,115.4495898
2019-08-25,4,122.0055974
2019-09-01,4,110.6281286
2019-09-08,4,98.42581662
2019-09-15,4,109.4218402
2019-09-22,4,135.6897046
2019-09-29,4,100.3723921
2019-10-06,4,129.0382225
2019-10-13,4,118.2875905
2019-10-20,4,130.5155442
2019-10-27,4,158.3939996
2019-11-03,4,138.4827885
2019-11-10,4,136.2910112
2019-11-17,4,107.7119237
2019-11-24,4,148.2725837
2019-12-01,4,143.6978278
2019-12-08,4,170.6641773
2019-12-15,4,117.2408609
2019-12-22,4,123.4147418
2019-12-29,4,119.565174
2020-01-05,4,141.8604505
2020-01-12,4,104.594269
2020-01-19,4,108.9648121
2020-01-26,4,113.3222236
2020-02-02,4,103.7206281
2020-02-09,4,91.01633967
2020-02-16,4,104.9385124
2020-02-23,4,124.7521359
2020-03-01,4,85.97480405
2020-03-08,4,113.2267032
2020-03-15,4,101.2490986
2020-03-22,4,144.2081215
2020-03-29,4,94.99858587
2020-04-05,4,119.2607267
2020-04-12,4,142.5144943
2020-04-19,4,170.124397
2020-04-26,4,140.4531841
2020-05-03,4,132.5785379
2020-05-10,4,182.0896364
2020-05-17,4,115.1347075
2020-05-24,4,98.63356383
2020-05-31,4,148.9169364
2020-06-07,4,126.7391014
2020-06-14,4,112.3886989
2020-06-21,4,142.6327765
2020-06-28,4,128.884584
2020-07-05,4,108.4383775
2020-07-12,4,90.26179225
2020-07-19,4,130.1443656
2020-07-26,4,123.4095794
2020-08-02,4,107.1679254
2020-08-09,4,145.9583168
2020-08-16,4,88.65374797
2020-08-23,4,81.69122201
2020-08-30,4,101.5224168
2020-09-06,4,118.4579096
2020-09-13,4,128.8841567
2020-09-20,4,124.2306413
2020-09-27,4,141.2537363
2020-10-04,4,114.1804972
2020-10-11,4,172.6579146
2020-10-18,4,146.039602
2020-10-25,4,173.0520016
2020-11-01,4,159.5529617
2020-11-08,4,162.6998503
2020-11-15,4,164.6705601
2020-11-22,4,160.8208585
2020-11-29,4,162.295282
2020-12-06,4,172.7411079
2020-12-13,4,146.1587557
2020-12-20,4,152.0790743
2020-12-27,4,131.6457889
2021-01-03,4,158.5792204
2021-01-10,4,112.2818832
2021-01-17,4,158.4916156
2021-01-24,4,119.1760335
2021-01-31,4,89.87772457
2021-02-07,4,120.6830958
2021-02-14,4,105.2832261
2021-02-21,4,137.6307907
2021-02-28,4,110.7191096
2021-03-07,4,118.6910871
2021-03-14,4,94.35467992
2021-03-21,4,128.0760126
2021-03-28,4,93.79966283
2021-04-04,4,115.6550141
2021-04-11,4,167.2258795
2021-04-18,4,171.7962453
2021-04-25,4,167.8155776
2021-05-02,4,142.1903529
2021-05-09,4,161.6880579
2021-05-16,4,162.5275159
2021-05-23,4,138.2571058
2021-05-30,4,189.2728841
2021-06-06,4,173.6368634
2021-06-13,4,147.8594887
2021-06-20,4,148.5505746
2021-06-27,4,147.7263099
2021-07-04,4,98.35912492
2021-07-11,4,130.2473123
2021-07-18,4,118.1616624
2021-07-25,4,109.2090075
2021-08-01,4,122.0572092
2021-08-08,4,163.1790041
2021-08-15,4,140.7428882
2021-08-22,4,118.3376133
2021-08-29,4,144.0965534
2021-09-05,4,164.4177854
2021-09-12,4,159.4125957
2021-09-19,4,147.0659732
2021-09-26,4,138.0861735
2021-10-03,4,170.0614691
2021-10-10,4,168.6863983
2021-10-17,4,182.8352488
2021-10-24,4,180.9269014
2021-10-31,4,191.5139154
2021-11-07,4,161.0121724
2021-11-14,4,198.104589
2021-11-21,4,174.612254
2021-11-28,4,210.0163408
2021-12-05,4,151.6699654
2021-12-12,4,196.4042606
2021-12-19,4,161.4011696
2021-12-26,4,139.9646686
2022-01-02,4,138.934907
2022-01-09,4,138.1681895
2022-01-16,4,149.6174598
2022-01-23,4,148.9654478
2022-01-30,4,125.396885
2022-02-06,4,135.8483676
2022-02-13,4,179.7990255
2022-02-20,4,173.2607055
2022-02-27,4,150.2493043
2022-03-06,4,146.0102736
2022-03-13,4,152.097356
2022-03-20,4,166.8959676
2022-03-27,4,139.3163101
2022-04-03,4,159.7115978
2022-04-10,4,136.2410117
2022-04-17,4,181.762772
2022-04-24,4,190.079334
2022-05-01,4,169.8464502
2022-05-08,4,212.2652864
2022-05-15,4,156.3927102
2022-05-22,4,150.6032298
2022-05-29,4,182.3017087
2022-06-05,4,195.7561453
2022-06-12,4,204.7673244
2022-06-19,4,157.694299
2022-06-26,4,184.0013766
2022-07-03,4,157.2630136
2022-07-10,4,150.5099234
2022-07-17,4,168.1443143
2022-07-24,4,160.8275888
2022-07-31,4,114.5403638
2022-08-07,4,174.9823663
2022-08-14,4,173.5888673
2022-08-21,4,135.1526548
2022-08-28,4,158.3215225
2022-09-04,4,163.9540219
2022-09-11,4,163.689485
2022-09-18,4,152.3728635
2022-09-25,4,155.0866409
2022-10-02,4,173.1084635
2022-10-09,4,201.8602619
2022-10-16,4,193.4930927
2022-10-23,4,178.6300422
2022-10-30,4,203.9258359
2022-11-06,4,132.8774627
2022-11-13,4,213.02881
2022-11-20,4,154.3214792
2022-11-27,4,179.8606836
2022-12-04,4,161.7775121
2022-12-11,4,154.5964079
2022-12-18,4,199.5163843
2022-12-25,4,162.5087217
2023-01-01,4,174.3854804
2023-01-08,4,162.4143617
2023-01-15,4,169.3530152
2023-01-22,4,158.5949713
2023-01-29,4,129.6113046
2023-02-05,4,174.4989022
2023-02-12,4,145.151182
2023-02-19,4,125.4917957
2023-02-26,4,150.730519
2023-03-05,4,192.9155944
2023-03-12,4,184.2622899
2023-03-19,4,165.1604982
2023-03-26,4,170.2806975
2023-04-02,4,175.9456489
2023-04-09,4,228.7307035
2023-04-16,4,199.0985073
2023-04-23,4,203.5450938
2023-04-30,4,218.073609
2023-05-07,4,203.68096
2023-05-14,4,194.0122662
2023-05-21,4,194.4083072
2023-05-28,4,194.9695276
2023-06-04,4,192.7793905
2023-06-11,4,204.441284
2023-06-18,4,186.7653648
2023-06-25,4,195.9506857
2023-07-02,4,175.2648531
2023-07-09,4,174.3186625
2023-07-16,4,129.1933023
2023-07-23,4,184.667443
2023-07-30,4,171.4094478
2023-08-06,4,183.6616719
2023-08-13,4,106.1463464
2023-08-20,4,207.3559499
2023-08-27,4,165.3932098
2023-09-03,4,193.8948797
2023-09-10,4,155.2442387
2023-09-17,4,193.1449089
2023-09-24,4,164.9441821
2023-10-01,4,178.6602629
2023-10-08,4,234.2635966
2023-10-15,4,196.4808621
2023-10-22,4,208.1899247
2023-10-29,4,223.839803
2023-11-05,4,217.8697842
2023-11-12,4,211.3352265
2023-11-19,4,214.8485577
2023-11-26,4,253.7570754
2023-12-03,4,201.7205015
2023-12-10,4,203.3066275
2023-12-17,4,216.1647682
2023-12-24,4,212.8435918
2023-12-31,4,210.0450362
2024-01-07,4,194.9165404
2024-01-14,4,155.646294
2024-01-21,4,208.2967733
2024-01-28,4,150.7668518
2024-02-04,4,178.8879693
2024-02-11,4,158.0369576
2024-02-18,4,173.2762455
2024-02-25,4,183.6572995
2024-03-03,4,186.9931139
2024-03-10,4,193.2680222
2024-03-17,4,221.920961
2024-03-24,4,203.8298215
2024-03-31,4,195.0083875
2024-04-07,4,224.0491916
2024-04-14,4,232.914711
2024-04-21,4,188.1812492
2024-04-28,4,227.351424
2024-05-05,4,231.0246906
2024-05-12,4,211.5034312
2024-05-19,4,244.2719548
2024-05-26,4,211.9699653
2024-06-02,4,214.7294892
2024-06-09,4,205.2163709
2024-06-16,4,204.88703
2024-06-23,4,178.2427089
2024-06-30,4,166.9300223
2019-01-06,5,104.3741722
2019-01-13,5,89.56474713
2019-01-20,5,106.0171293
2019-01-27,5,112.2795959
2019-02-03,5,99.88344319
2019-02-10,5,101.5747351
2019-02-17,5,96.15546849
2019-02-24,5,104.0079495
2019-03-03,5,109.1430887
2019-03-10,5,106.6355388
2019-03-17,5,119.2063384
2019-03-24,5,104.0112891
2019-03-31,5,96.04243736
2019-04-07,5,105.4003094
2019-04-14,5,92.81284607
2019-04-21,5,102.5792356
2019-04-28,5,113.7163159
2019-05-05,5,107.5697242
2019-05-12,5,107.1907904
2019-05-19,5,115.7472585
2019-05-26,5,105.6400075
2019-06-02,5,113.6517594
2019-06-09,5,108.3388426
2019-06-16,5,109.9421954
2019-06-23,5,102.3050841
2019-06-30,5,106.3310248
2019-07-07,5,102.1033179
2019-07-14,5,108.964334
2019-07-21,5,111.7422215
2019-07-28,5,104.5896696
2019-08-04,5,120.7354051
2019-08-11,5,112.2296909
2019-08-18,5,111.4777891
2019-08-25,5,115.3867503
2019-09-01,5,107.7434715
2019-09-08,5,113.0551496
2019-09-15,5,109.0030815
2019-09-22,5,120.7304625
2019-09-29,5,107.9935165
2019-10-06,5,113.9521909
2019-10-13,5,115.6325929
2019-10-20,5,116.3097931
2019-10-27,5,111.7791388
2019-11-03,5,110.557418
2019-11-10,5,112.5506395
2019-11-17,5,118.3758929
2019-11-24,5,115.3646872
2019-12-01,5,120.4146105
2019-12-08,5,119.1682354
2019-12-15,5,105.7483036
2019-12-22,5,118.7200065
2019-12-29,5,129.0844417
2020-01-05,5,124.8081634
2020-01-12,5,120.6415343
2020-01-19,5,113.5841582
2020-01-26,5,121.6185378
2020-02-02,5,123.2791693
2020-02-09,5,118.6613365
2020-02-16,5,121.8634306
2020-02-23,5,128.1776829
2020-03-01,5,116.6926489
2020-03-08,5,116.0371733
2020-03-15,5,125.1418183
2020-03-22,5,124.3156852
2020-03-29,5,127.5218139
2020-04-05,5,125.5762418
2020-04-12,5,120.2381478
2020-04-19,5,125.5875367
2020-04-26,5,118.0655911
2020-05-03,5,122.8742806
2020-05-10,5,126.9895206
2020-05-17,5,123.0226037
2020-05-24,5,137.5150861
2020-05-31,5,116.0635543
2020-06-07,5,123.1366741
2020-06-14,5,121.5348771
2020-06-21,5,123.0716825
2020-06-28,5,123.7080858
2020-07-05,5,120.6406238
2020-07-12,5,131.3858884
2020-07-19,5,125.2365515
2020-07-26,5,129.139545
2020-08-02,5,126.4971999
2020-08-09,5,125.566577
2020-08-16,5,137.7320256
2020-08-23,5,134.3349406
2020-08-30,5,120.7289281
2020-09-06,5,120.5488932
2020-09-13,5,135.9822749
2020-09-20,5,128.5196142
2020-09-27,5,123.2231198
2020-10-04,5,137.0468575
2020-10-11,5,133.0134524
2020-10-18,5,133.7753379
2020-10-25,5,136.9148292
2020-11-01,5,126.6668974
2020-11-08,5,125.4089295
2020-11-15,5,141.8208554
2020-11-22,5,127.0799005
2020-11-29,5,128.5041956
2020-12-06,5,129.8528581
2020-12-13,5,145.7144149
2020-12-20,5,138.1312522
2020-12-27,5,140.8410259
2021-01-03,5,137.3444741
2021-01-10,5,133.7038507
2021-01-17,5,140.2193935
2021-01-24,5,129.6295076
2021-01-31,5,132.2858205
2021-02-07,5,141.776764
2021-02-14,5,131.6752623
2021-02-21,5,137.8657815
2021-02-28,5,138.4432774
2021-03-07,5,136.8671795
2021-03-14,5,130.1045475
2021-03-21,5,137.0651458
2021-03-28,5,136.4345987
2021-04-04,5,141.7162902
2021-04-11,5,141.811194
2021-04-18,5,143.4981989
2021-04-25,5,138.5781106
2021-05-02,5,144.9215821
2021-05-09,5,134.877309
2021-05-16,5,133.8974693
2021-05-23,5,131.6787797
2021-05-30,5,141.2098075
2021-06-06,5,140.2894529
2021-06-13,5,148.3521725
2021-06-20,5,141.5119318
2021-06-27,5,146.4717768
2021-07-04,5,149.5210283
2021-07-11,5,142.3726004
2021-07-18,5,147.6441072
2021-07-25,5,151.5131342
2021-08-01,5,140.662333
2021-08-08,5,147.3270589
2021-08-15,5,144.1422756
2021-08-22,5,142.0296485
2021-08-29,5,140.5694895
2021-09-05,5,142.6481557
2021-09-12,5,149.251194
2021-09-19,5,141.246477
2021-09-26,5,146.8967145
2021-10-03,5,154.065972
2021-10-10,5,152.5947052
2021-10-17,5,148.0467626
2021-10-24,5,159.4974031
2021-10-31,5,160.8637835
2021-11-07,5,151.8788639
2021-11-14,5,139.7551875
2021-11-21,5,156.8797934
2021-11-28,5,141.3273211
2021-12-05,5,160.5275837
2021-12-12,5,158.914428
2021-12-19,5,162.7172164
2021-12-26,5,155.497132
2022-01-02,5,152.7385257
2022-01-09,5,152.6445992
2022-01-16,5,152.5134544
2022-01-23,5,160.4997489
2022-01-30,5,159.5054134
2022-02-06,5,156.8948345
2022-02-13,5,153.0324501
2022-02-20,5,170.1390701
2022-02-27,5,161.9045304
2022-03-06,5,149.7037481
2022-03-13,5,155.460678
2022-03-20,5,163.0504889
2022-03-27,5,154.7435641
2022-04-03,5,160.8486489
2022-04-10,5,164.1945409
2022-04-17,5,142.8480694
2022-04-24,5,159.5996716
2022-05-01,5,160.1455563
2022-05-08,5,158.7787986
2022-05-15,5,162.6972869
2022-05-22,5,164.8260596
2022-05-29,5,162.5983666
2022-06-05,5,160.3686253
2022-06-12,5,165.7505191
2022-06-19,5,163.18233
2022-06-26,5,162.1332112
2022-07-03,5,157.0749667
2022-07-10,5,156.1727401
2022-07-17,5,157.6795154
2022-07-24,5,166.07696
2022-07-31,5,164.6395713
2022-08-07,5,157.9831949
2022-08-14,5,168.9638549
2022-08-21,5,172.9554636
2022-08-28,5,163.4410983
2022-09-04,5,158.0783075
2022-09-11,5,163.5872352
2022-09-18,5,171.7548206
2022-09-25,5,170.5748171
2022-10-02,5,163.5696548
2022-10-09,5,176.1373292
2022-10-16,5,175.6225192
2022-10-23,5,165.5657389
2022-10-30,5,165.8639696
2022-11-06,5,166.9659302
2022-11-13,5,167.7430564
2022-11-20,5,175.3820607
2022-11-27,5,173.1056663
2022-12-04,5,175.7140652
2022-12-11,5,175.0461474
2022-12-18,5,180.6006074
2022-12-25,5,167.0806947
2023-01-01,5,174.6290654
2023-01-08,5,162.2078168
2023-01-15,5,166.8417956
2023-01-22,5,173.4019568
2023-01-29,5,176.2169072
2023-02-05,5,173.9664458
2023-02-12,5,171.9892127
2023-02-19,5,173.2277358
2023-02-26,5,182.3716804
2023-03-05,5,173.953965
2023-03-12,5,184.9699843
2023-03-19,5,180.5435119
2023-03-26,5,179.2107637
2023-04-02,5,171.3047427
2023-04-09,5,182.2985684
2023-04-16,5,175.5031751
2023-04-23,5,172.3494795
2023-04-30,5,181.2355467
2023-05-07,5,172.0812487
2023-05-14,5,175.5594221
2023-05-21,5,179.6697002
2023-05-28,5,191.1620372
2023-06-04,5,176.9850016
2023-06-11,5,178.4781482
2023-06-18,5,184.7806064
2023-06-25,5,175.277053
2023-07-02,5,184.0322137
2023-07-09,5,188.1974662
2023-07-16,5,180.9820081
2023-07-23,5,187.9979043
2023-07-30,5,184.6740328
2023-08-06,5,179.9130237
2023-08-13,5,182.9270605
2023-08-20,5,182.3669476
2023-08-27,5,184.1771933
2023-09-03,5,185.7286245
2023-09-10,5,188.255685
2023-09-17,5,188.2076769
2023-09-24,5,173.8554182
2023-10-01,5,185.8770954
2023-10-08,5,179.1661771
2023-10-15,5,185.6843008
2023-10-22,5,186.7936395
2023-10-29,5,192.6429796
2023-11-05,5,187.9613108
2023-11-12,5,189.7576286
2023-11-19,5,192.7764707
2023-11-26,5,195.2996005
2023-12-03,5,188.8954199
2023-12-10,5,190.3310371
2023-12-17,5,190.2599067
2023-12-24,5,187.8464457
2023-12-31,5,187.0635148
2024-01-07,5,179.8993117
2024-01-14,5,186.2250869
2024-01-21,5,183.0648878
2024-01-28,5,198.5836847
2024-02-04,5,193.5994227
2024-02-11,5,192.3772981
2024-02-18,5,189.7692174
2024-02-25,5,193.85519
2024-03-03,5,189.8160447
2024-03-10,5,195.2756872
2024-03-17,5,195.9839147
2024-03-24,5,190.7979766
2024-03-31,5,191.0522356
2024-04-07,5,200.6151926
2024-04-14,5,195.8895464
2024-04-21,5,192.5983944
2024-04-28,5,195.0006153
2024-05-05,5,192.1498268
2024-05-12,5,197.2165296
2024-05-19,5,202.0602394
2024-05-26,5,198.1133949
2024-06-02,5,210.4195658
2024-06-09,5,201.0578468
2024-06-16,5,200.4504715
2024-06-23,5,195.108839
2024-06-30,5,198.8073328
2019-01-06,6,98.11465886
2019-01-13,6,119.0542753
2019-01-20,6,104.07656
2019-01-27,6,85.07707867
2019-02-03,6,81.81578121
2019-02-10,6,86.49321893
2019-02-17,6,73.06302354
2019-02-24,6,43.92619657
2019-03-03,6,83.76912852
2019-03-10,6,66.82315071
2019-03-17,6,61.81382388
2019-03-24,6,69.58254837
2019-03-31,6,33.5221149
2019-04-07,6,71.70062907
2019-04-14,6,42.95265819
2019-04-21,6,62.56872885
2019-04-28,6,59.25349374
2019-05-05,6,24.27906136
2019-05-12,6,56.31432834
2019-05-19,6,54.67118184
2019-05-26,6,51.29696411
2019-06-02,6,51.96203242
2019-06-09,6,55.85315224
2019-06-16,6,78.0501261
2019-06-23,6,78.01728999
2019-06-30,6,72.09612813
2019-07-07,6,46.96204689
2019-07-14,6,92.20846349
2019-07-21,6,102.4301918
2019-07-28,6,139.6371032
2019-08-04,6,120.7538882
2019-08-11,6,66.736846
2019-08-18,6,111.5384556
2019-08-25,6,151.1400071
2019-09-01,6,131.942516
2019-09-08,6,130.1488193
2019-09-15,6,145.1651987
2019-09-22,6,117.721463
2019-09-29,6,142.1140797
2019-10-06,6,129.2613893
2019-10-13,6,134.9019752
2019-10-20,6,152.1725375
2019-10-27,6,116.6539426
2019-11-03,6,159.8093182
2019-11-10,6,123.743041
2019-11-17,6,134.8720602
2019-11-24,6,98.44985227
2019-12-01,6,137.0409695
2019-12-08,6,147.1917869
2019-12-15,6,103.0781207
2019-12-22,6,85.8333441
2019-12-29,6,107.8942233
2020-01-05,6,125.435056
2020-01-12,6,61.13540619
2020-01-19,6,61.67441804
2020-01-26,6,68.34594316
2020-02-02,6,54.70044173
2020-02-09,6,48.57624437
2020-02-16,6,17.06989
2020-02-23,6,65.06697909
2020-03-01,6,54.77208388
2020-03-08,6,9.182440695
2020-03-15,6,67.9801041
2020-03-22,6,68.7074399
2020-03-29,6,16.93885019
2020-04-05,6,52.8215658
2020-04-12,6,16.25723369
2020-04-19,6,30.2797269
2020-04-26,6,9.606270867
2020-05-03,6,70.99437123
2020-05-10,6,21.8898384
2020-05-17,6,32.13198476
2020-05-24,6,18.29798574
2020-05-31,6,72.3570263
2020-06-07,6,76.50758842
2020-06-14,6,75.55113399
2020-06-21,6,66.66592426
2020-06-28,6,40.02135655
2020-07-05,6,74.35234888
2020-07-12,6,63.14924153
2020-07-19,6,95.16481282
2020-07-26,6,96.90634659
2020-08-02,6,67.2324569
2020-08-09,6,104.6748328
2020-08-16,6,104.6457966
2020-08-23,6,40.525141
2020-08-30,6,116.6334641
2020-09-06,6,96.15214265
2020-09-13,6,90.7299357
2020-09-20,6,94.67950863
2020-09-27,6,111.3150675
2020-10-04,6,125.4366229
2020-10-11,6,89.6505975
2020-10-18,6,121.1687246
2020-10-25,6,128.5953376
2020-11-01,6,153.2606267
2020-11-08,6,92.74091787
2020-11-15,6,104.8388688
2020-11-22,6,113.9573119
2020-11-29,6,127.9417173
2020-12-06,6,94.60410088
2020-12-13,6,119.8393852
2020-12-20,6,51.84508303
2020-12-27,6,59.87034835
2021-01-03,6,86.76821118
2021-01-10,6,45.42414015
2021-01-17,6,43.84636714
2021-01-24,6,50.41159536
2021-01-31,6,70.05076564
2021-02-07,6,10.46799036
2021-02-14,6,45.75435226
2021-02-21,6,57.24706694
2021-02-28,6,27.2850645
2021-03-07,6,18.83362081
2021-03-14,6,29.769045
2021-03-21,6,13.97178087
2021-03-28,6,42.31314238
2021-04-04,6,0
2021-04-11,6,8.837168857
2021-04-18,6,12.71858989
2021-04-25,6,0.492626805
2021-05-02,6,0
2021-05-09,6,5.924118838
2021-05-16,6,28.74360865
2021-05-23,6,28.57089033
2021-05-30,6,23.00572786
2021-06-06,6,0
2021-06-13,6,31.32060166
2021-06-20,6,16.42948606
2021-06-27,6,39.84832499
2021-07-04,6,40.40993634
2021-07-11,6,23.89374373
2021-07-18,6,31.16980398
2021-07-25,6,61.78704869
2021-08-01,6,55.91475709
2021-08-08,6,49.077534
2021-08-15,6,52.78292259
2021-08-22,6,70.24674155
2021-08-29,6,112.4179555
2021-09-05,6,74.8417649
2021-09-12,6,88.89782541
2021-09-19,6,94.47302079
2021-09-26,6,72.47617732
2021-10-03,6,61.84767897
2021-10-10,6,77.89600432
2021-10-17,6,103.9874445
2021-10-24,6,100.6881636
2021-10-31,6,112.1603294
2021-11-07,6,98.49981835
2021-11-14,6,92.12579411
2021-11-21,6,79.31536245
2021-11-28,6,105.5307339
2021-12-05,6,65.30866255
2021-12-12,6,56.80368085
2021-12-19,6,85.20073582
2021-12-26,6,41.64262894
2022-01-02,6,110.7214144
2022-01-09,6,57.89915778
2022-01-16,6,56.96876088
2022-01-23,6,27.47737382
2022-01-30,6,30.98662456
2022-02-06,6,22.50102586
2022-02-13,6,14.12746439
2022-02-20,6,31.81813306
2022-02-27,6,4.707969466
2022-03-06,6,29.01006986
2022-03-13,6,57.37222418
2022-03-20,6,0
2022-03-27,6,0
2022-04-03,6,1.540474528
2022-04-10,6,28.10741847
2022-04-17,6,0
2022-04-24,6,0
2022-05-01,6,0
2022-05-08,6,0
2022-05-15,6,0
2022-05-22,6,34.61330147
2022-05-29,6,32.62409317
2022-06-05,6,0
2022-06-12,6,0
2022-06-19,6,10.47534584
2022-06-26,6,41.77276144
2022-07-03,6,20.12867678
2022-07-10,6,11.45576747
2022-07-17,6,28.80353427
2022-07-24,6,23.07448384
2022-07-31,6,53.35195743
2022-08-07,6,32.68806295
2022-08-14,6,42.04863516
2022-08-21,6,80.62372701
2022-08-28,6,46.80508635
2022-09-04,6,37.6222998
2022-09-11,6,72.33386837
2022-09-18,6,66.56884268
2022-09-25,6,86.75255076
2022-10-02,6,84.97632817
2022-10-09,6,79.41232245
2022-10-16,6,79.54906123
2022-10-23,6,66.05193109
2022-10-30,6,81.71008597
2022-11-06,6,96.22321619
2022-11-13,6,56.97918768
2022-11-20,6,73.51310381
2022-11-27,6,90.92001111
2022-12-04,6,76.19539419
2022-12-11,6,87.66842503
2022-12-18,6,45.02730986
2022-12-25,6,14.27384138
2023-01-01,6,49.0638718
2023-01-08,6,46.20604939
2023-01-15,6,60.05238124
2023-01-22,6,50.08754782
2023-01-29,6,30.69873388
2023-02-05,6,28.99660793
2023-02-12,6,3.74896419
2023-02-19,6,0
2023-02-26,6,0
2023-03-05,6,10.77130496
2023-03-12,6,0
2023-03-19,6,0
2023-03-26,6,0
2023-04-02,6,0
2023-04-09,6,0
2023-04-16,6,0
2023-04-23,6,0
2023-04-30,6,0
2023-05-07,6,0
2023-05-14,6,0
2023-05-21,6,0
2023-05-28,6,0
2023-06-04,6,0
2023-06-11,6,0
2023-06-18,6,0
2023-06-25,6,5.310486257
2023-07-02,6,0.11835181
2023-07-09,6,10.6844735
2023-07-16,6,10.04456775
2023-07-23,6,39.57633466
2023-07-30,6,50.91277021
2023-08-06,6,4.070455171
2023-08-13,6,28.16481588
2023-08-20,6,39.09427844
2023-08-27,6,37.94214016
2023-09-03,6,83.57497136
2023-09-10,6,56.15774419
2023-09-17,6,38.99682346
2023-09-24,6,69.86747937
2023-10-01,6,65.55507065
2023-10-08,6,67.74202812
2023-10-15,6,98.63677304
2023-10-22,6,69.59754523
2023-10-29,6,55.88615612
2023-11-05,6,21.51031236
2023-11-12,6,55.25763824
2023-11-19,6,81.95278073
2023-11-26,6,50.63030341
2023-12-03,6,3.669474319
2023-12-10,6,33.96918994
2023-12-17,6,58.76603733
2023-12-24,6,44.38209457
2023-12-31,6,10.87319102
2024-01-07,6,10.30071527
2024-01-14,6,7.141261884
2024-01-21,6,0
2024-01-28,6,0
2024-02-04,6,11.61676827
2024-02-11,6,15.35303383
2024-02-18,6,0
2024-02-25,6,3.633125333
2024-03-03,6,0
2024-03-10,6,0
2024-03-17,6,0
2024-03-24,6,0
2024-03-31,6,0
2024-04-07,6,0
2024-04-14,6,0
2024-04-21,6,0
2024-04-28,6,0
2024-05-05,6,0
2024-05-12,6,0
2024-05-19,6,0
2024-05-26,6,0
2024-06-02,6,0
2024-06-09,6,0
2024-06-16,6,0
2024-06-23,6,0
2024-06-30,6,0
2019-01-06,7,95.64568939
2019-01-13,7,93.53121988
2019-01-20,7,105.2534553
2019-01-27,7,107.0475905
2019-02-03,7,101.5038457
2019-02-10,7,105.5408868
2019-02-17,7,112.3582848
2019-02-24,7,110.152507
2019-03-03,7,115.9938643
2019-03-10,7,111.3892997
2019-03-17,7,114.1089496
2019-03-24,7,118.7498516
2019-03-31,7,107.6400966
2019-04-07,7,101.8694515
2019-04-14,7,100.3644422
2019-04-21,7,89.78828581
2019-04-28,7,92.42043691
2019-05-05,7,85.9708989
2019-05-12,7,79.59106178
2019-05-19,7,76.89730403
2019-05-26,7,84.05939063
2019-06-02,7,77.39439233
2019-06-09,7,83.66715932
2019-06-16,7,76.45145598
2019-06-23,7,68.60466217
2019-06-30,7,77.72836034
2019-07-07,7,74.3206005
2019-07-14,7,89.71299077
2019-07-21,7,95.24995131
2019-07-28,7,91.46890572
2019-08-04,7,96.64684341
2019-08-11,7,104.0933603
2019-08-18,7,99.96355678
2019-08-25,7,101.2018924
2019-09-01,7,114.2701319
2019-09-08,7,108.0058255
2019-09-15,7,102.8601004
2019-09-22,7,94.35426949
2019-09-29,7,103.3303778
2019-10-06,7,91.18564993
2019-10-13,7,98.97474594
2019-10-20,7,88.81956318
2019-10-27,7,75.39996075
2019-11-03,7,71.12048634
2019-11-10,7,79.15771797
2019-11-17,7,66.79084891
2019-11-24,7,62.29496961
2019-12-01,7,63.75086529
2019-12-08,7,60.92677404
2019-12-15,7,65.76434385
2019-12-22,7,66.28094984
2019-12-29,7,74.05513125
2020-01-05,7,71.47417886
2020-01-12,7,73.21801015
2020-01-19,7,80.34337892
2020-01-26,7,84.70306087
2020-02-02,7,90.15099522
2020-02-09,7,97.18666767
2020-02-16,7,99.58284916
2020-02-23,7,104.3704747
2020-03-01,7,94.90532225
2020-03-08,7,100.3443271
2020-03-15,7,100.3349244
2020-03-22,7,90.56265347
2020-03-29,7,89.20844443
2020-04-05,7,77.07987579
2020-04-12,7,85.4526232
2020-04-19,7,74.69848779
2020-04-26,7,74.71253616
2020-05-03,7,66.93414549
2020-05-10,7,60.77853252
2020-05-17,7,50.33960676
2020-05-24,7,48.80327365
2020-05-31,7,41.58186435
2020-06-07,7,51.55591867
2020-06-14,7,66.72356648
2020-06-21,7,50.92197846
2020-06-28,7,47.16249556
2020-07-05,7,68.82830791
2020-07-12,7,80.03243158
2020-07-19,7,74.14299254
2020-07-26,7,78.50044523
2020-08-02,7,79.59989441
2020-08-09,7,75.70290856
2020-08-16,7,80.15394544
2020-08-23,7,87.58727426
2020-08-30,7,87.30038372
2020-09-06,7,88.78746963
2020-09-13,7,91.88718182
2020-09-20,7,82.13872812
2020-09-27,7,85.66942137
2020-10-04,7,74.17230515
2020-10-11,7,77.35535983
2020-10-18,7,67.46101905
2020-10-25,7,59.74125166
2020-11-01,7,57.45937568
2020-11-08,7,51.39665617
2020-11-15,7,49.96576586
2020-11-22,7,50.69069309
2020-11-29,7,45.05276078
2020-12-06,7,43.379645
2020-12-13,7,40.49342877
2020-12-20,7,50.96401333
2020-12-27,7,52.70685998
2021-01-03,7,48.0966639
2021-01-10,7,62.29618344
2021-01-17,7,56.53883571
2021-01-24,7,72.11045096
2021-01-31,7,74.58525871
2021-02-07,7,76.91097788
2021-02-14,7,75.84734569
2021-02-21,7,82.59488819
2021-02-28,7,86.01064808
2021-03-07,7,83.35950813
2021-03-14,7,75.66476474
2021-03-21,7,77.8802763
2021-03-28,7,78.76231938
2021-04-04,7,79.86690021
2021-04-11,7,63.0492974
2021-04-18,7,63.26042014
2021-04-25,7,59.5055605
2021-05-02,7,44.8765544
2021-05-09,7,53.46035708
2021-05-16,7,35.57484442
2021-05-23,7,42.22662752
2021-05-30,7,38.05631279
2021-06-06,7,36.29796235
2021-06-13,7,49.39622509
2021-06-20,7,36.89204433
2021-06-27,7,39.52157654
2021-07-04,7,51.27255818
2021-07-11,7,52.50501242
2021-07-18,7,59.50520601
2021-07-25,7,58.12120949
2021-08-01,7,63.33019449
2021-08-08,7,74.96177849
2021-08-15,7,64.25720827
2021-08-22,7,69.97828451
2021-08-29,7,75.4764155
2021-09-05,7,70.35752606
2021-09-12,7,67.18535822
2021-09-19,7,70.73031313
2021-09-26,7,70.9396731
2021-10-03,7,59.37517312
2021-10-10,7,54.47251191
2021-10-17,7,46.98569217
2021-10-24,7,43.59954604
2021-10-31,7,45.57653777
2021-11-07,7,36.13089708
2021-11-14,7,27.99171584
2021-11-21,7,30.5377436
2021-11-28,7,32.75043502
2021-12-05,7,24.09270947
2021-12-12,7,20.81995077
2021-12-19,7,40.07848181
2021-12-26,7,24.87739116
2022-01-02,7,33.43177987
2022-01-09,7,40.43554729
2022-01-16,7,42.2977511
2022-01-23,7,47.73363168
2022-01-30,7,55.22666363
2022-02-06,7,44.13919089
2022-02-13,7,52.80242548
2022-02-20,7,61.48519635
2022-02-27,7,60.31456865
2022-03-06,7,62.91705996
2022-03-13,7,62.18880051
2022-03-20,7,48.14792048
2022-03-27,7,61.78322461
2022-04-03,7,48.79295442
2022-04-10,7,42.22631313
2022-04-17,7,42.51876284
2022-04-24,7,36.862651
2022-05-01,7,37.36439124
2022-05-08,7,28.26427754
2022-05-15,7,28.92783188
2022-05-22,7,15.58470711
2022-05-29,7,19.17436132
2022-06-05,7,12.21636441
2022-06-12,7,18.75791645
2022-06-19,7,19.28399794
2022-06-26,7,21.64944282
2022-07-03,7,25.09901414
2022-07-10,7,33.53749082
2022-07-17,7,26.1885941
2022-07-24,7,34.17947275
2022-07-31,7,42.73414956
2022-08-07,7,40.84151062
2022-08-14,7,50.06271151
2022-08-21,7,51.77545659
2022-08-28,7,46.16154796
2022-09-04,7,45.93143618
2022-09-11,7,38.94038188
2022-09-18,7,43.70872734
2022-09-25,7,46.63682262
2022-10-02,7,43.26710745
2022-10-09,7,38.80001962
2022-10-16,7,28.83987086
2022-10-23,7,27.48379903
2022-10-30,7,24.59199894
2022-11-06,7,11.74769468
2022-11-13,7,14.87917603
2022-11-20,7,14.61305123
2022-11-27,7,6.987608248
2022-12-04,7,13.99515793
2022-12-11,7,6.744598259
2022-12-18,7,6.291314108
2022-12-25,7,15.89025855
2023-01-01,7,26.62599786
2023-01-08,7,20.86477519
2023-01-15,7,27.96586057
2023-01-22,7,26.70405538
2023-01-29,7,27.32110123
2023-02-05,7,38.19958993
2023-02-12,7,42.14477132
2023-02-19,7,41.00061606
2023-02-26,7,47.17447922
2023-03-05,7,40.84819946
2023-03-12,7,38.55199362
2023-03-19,7,46.19472461
2023-03-26,7,43.03786158
2023-04-02,7,30.51316615
2023-04-09,7,37.6195437
2023-04-16,7,22.54593278
2023-04-23,7,19.2486438
2023-04-30,7,13.40966733
2023-05-07,7,11.89318476
2023-05-14,7,6.749471602
2023-05-21,7,3.680852792
2023-05-28,7,0
2023-06-04,7,0
2023-06-11,7,5.610504123
2023-06-18,7,0
2023-06-25,7,3.53531001
2023-07-02,7,8.714604853
2023-07-09,7,19.16744041
2023-07-16,7,16.16456842
2023-07-23,7,17.84198706
2023-07-30,7,21.5013657
2023-08-06,7,27.81140356
2023-08-13,7,26.66203016
2023-08-20,7,33.68967903
2023-08-27,7,34.59217242
2023-09-03,7,43.24164758
2023-09-10,7,33.64180624
2023-09-17,7,22.34332629
2023-09-24,7,42.220259
2023-10-01,7,29.6645167
2023-10-08,7,30.66983454
2023-10-15,7,9.446288756
2023-10-22,7,8.965854168
2023-10-29,7,8.434311541
2023-11-05,7,3.146320119
2023-11-12,7,0
2023-11-19,7,0
2023-11-26,7,0
2023-12-03,7,0
2023-12-10,7,0
2023-12-17,7,0
2023-12-24,7,1.411409504
2023-12-31,7,0
2024-01-07,7,0
2024-01-14,7,0.413464038
2024-01-21,7,6.133915471
2024-01-28,7,18.32029915
2024-02-04,7,14.31292512
2024-02-11,7,33.08916991
2024-02-18,7,26.59550455
2024-02-25,7,31.10221164
2024-03-03,7,28.39320293
2024-03-10,7,31.12280608
2024-03-17,7,18.69480005
2024-03-24,7,27.22454721
2024-03-31,7,16.77717701
2024-04-07,7,17.53515518
2024-04-14,7,0
2024-04-21,7,2.228907194
2024-04-28,7,0
2024-05-05,7,0
2024-05-12,7,0
2024-05-19,7,0
2024-05-26,7,0
2024-06-02,7,0
2024-06-09,7,0
2024-06-16,7,0
2024-06-23,7,0
2024-06-30,7,0
2019-01-06,8,113.4412104
2019-01-13,8,62.47735701
2019-01-20,8,104.9651748
2019-01-27,8,101.0730606
2019-02-03,8,85.05682878
2019-02-10,8,114.9331651
2019-02-17,8,120.8493049
2019-02-24,8,70.29635516
2019-03-03,8,87.54270723
2019-03-10,8,87.76400615
2019-03-17,8,84.69844147
2019-03-24,8,120.4356507
2019-03-31,8,100.3192814
2019-04-07,8,99.25515772
2019-04-14,8,64.81785761
2019-04-21,8,117.9531158
2019-04-28,8,80.8092377
2019-05-05,8,107.1427085
2019-05-12,8,111.8412451
2019-05-19,8,133.8565286
2019-05-26,8,80.81659901
2019-06-02,8,46.95241423
2019-06-09,8,111.3692986
2019-06-16,8,144.0521817
2019-06-23,8,133.1705355
2019-06-30,8,112.934447
2019-07-07,8,99.25818538
2019-07-14,8,125.5830114
2019-07-21,8,90.3192858
2019-07-28,8,119.6670155
2019-08-04,8,120.5989137
2019-08-11,8,132.043359
2019-08-18,8,166.382012
2019-08-25,8,119.3867809
2019-09-01,8,101.7088394
2019-09-08,8,111.726276
2019-09-15,8,77.20589449
2019-09-22,8,99.04280032
2019-09-29,8,105.1010645
2019-10-06,8,103.1545957
2019-10-13,8,117.0331114
2019-10-20,8,97.88726569
2019-10-27,8,137.105928
2019-11-03,8,115.0391063
2019-11-10,8,115.198609
2019-11-17,8,109.1763714
2019-11-24,8,119.1877298
2019-12-01,8,132.9355317
2019-12-08,8,99.44061247
2019-12-15,8,103.9705374
2019-12-22,8,111.4079969
2019-12-29,8,90.91474936
2020-01-05,8,101.796661
2020-01-12,8,109.0070511
2020-01-19,8,136.3689025
2020-01-26,8,124.4819958
2020-02-02,8,123.4522178
2020-02-09,8,136.9480292
2020-02-16,8,117.5322845
2020-02-23,8,128.4386676
2020-03-01,8,118.9145859
2020-03-08,8,126.6359183
2020-03-15,8,110.0231485
2020-03-22,8,73.25162886
2020-03-29,8,119.6920391
2020-04-05,8,151.1822354
2020-04-12,8,141.6012311
2020-04-19,8,142.7345231
2020-04-26,8,148.4988382
2020-05-03,8,125.8990259
2020-05-10,8,128.4218386
2020-05-17,8,112.4721369
2020-05-24,8,118.8533681
2020-05-31,8,137.8398985
2020-06-07,8,149.9518146
2020-06-14,8,123.4348507
2020-06-21,8,117.5696413
2020-06-28,8,126.9336361
2020-07-05,8,139.2968623
2020-07-12,8,98.7452813
2020-07-19,8,82.04840891
2020-07-26,8,117.3109413
2020-08-02,8,104.2570802
2020-08-09,8,118.8581751
2020-08-16,8,126.415023
2020-08-23,8,120.6553115
2020-08-30,8,159.1192808
2020-09-06,8,136.9544757
2020-09-13,8,136.778718
2020-09-20,8,143.563024
2020-09-27,8,108.6918691
2020-10-04,8,152.6004176
2020-10-11,8,130.6525464
2020-10-18,8,145.9270949
2020-10-25,8,111.4299882
2020-11-01,8,102.1416079
2020-11-08,8,149.9242267
2020-11-15,8,141.4442744
2020-11-22,8,116.2247032
2020-11-29,8,117.222123
2020-12-06,8,157.4737307
2020-12-13,8,111.5264475
2020-12-20,8,168.5177947
2020-12-27,8,118.0015713
2021-01-03,8,149.1314749
2021-01-10,8,130.1409172
2021-01-17,8,149.1266857
2021-01-24,8,126.5303074
2021-01-31,8,134.5063796
2021-02-07,8,138.9302716
2021-02-14,8,118.4177893
2021-02-21,8,153.6276757
2021-02-28,8,128.8965678
2021-03-07,8,134.9384912
2021-03-14,8,119.9731524
2021-03-21,8,88.96311703
2021-03-28,8,136.7388853
2021-04-04,8,189.1613993
2021-04-11,8,156.950827
2021-04-18,8,141.223184
2021-04-25,8,136.7002254
2021-05-02,8,142.7570102
2021-05-09,8,153.599725
2021-05-16,8,119.3907367
2021-05-23,8,165.6430773
2021-05-30,8,158.01392
2021-06-06,8,158.4196586
2021-06-13,8,153.1751092
2021-06-20,8,145.1475779
2021-06-27,8,158.5621198
2021-07-04,8,157.2908281
2021-07-11,8,138.7233816
2021-07-18,8,134.6818107
2021-07-25,8,148.5406224
2021-08-01,8,177.8335499
2021-08-08,8,122.4206557
2021-08-15,8,118.2019422
2021-08-22,8,151.1973147
2021-08-29,8,149.2695023
2021-09-05,8,152.0682319
2021-09-12,8,153.8301129
2021-09-19,8,144.8366542
2021-09-26,8,179.4476184
2021-10-03,8,117.9819204
2021-10-10,8,133.7797099
2021-10-17,8,148.6342055
2021-10-24,8,118.1851748
2021-10-31,8,147.8815133
2021-11-07,8,184.9776551
2021-11-14,8,152.5156319
2021-11-21,8,157.0615706
2021-11-28,8,127.5939075
2021-12-05,8,140.819625
2021-12-12,8,145.9925759
2021-12-19,8,147.4918519
2021-12-26,8,179.8286801
2022-01-02,8,165.6992758
2022-01-09,8,132.6659458
2022-01-16,8,160.1748508
2022-01-23,8,165.5588406
2022-01-30,8,178.7470367
2022-02-06,8,187.90452
2022-02-13,8,136.3414728
2022-02-20,8,140.7758568
2022-02-27,8,132.1911002
2022-03-06,8,153.0119105
2022-03-13,8,167.3691255
2022-03-20,8,178.1382987
2022-03-27,8,157.2222383
2022-04-03,8,152.6939586
2022-04-10,8,162.4757193
2022-04-17,8,143.0873518
2022-04-24,8,201.9306346
2022-05-01,8,128.3362899
2022-05-08,8,164.5339724
2022-05-15,8,201.6609356
2022-05-22,8,161.6744584
2022-05-29,8,158.0873312
2022-06-05,8,155.0888538
2022-06-12,8,158.979579
2022-06-19,8,190.3940324
2022-06-26,8,119.0494751
2022-07-03,8,194.3050377
2022-07-10,8,135.5068709
2022-07-17,8,159.0026178
2022-07-24,8,156.1004263
2022-07-31,8,176.8060304
2022-08-07,8,133.4221283
2022-08-14,8,174.9777191
2022-08-21,8,206.5701085
2022-08-28,8,139.1700863
2022-09-04,8,170.5773401
2022-09-11,8,153.8932236
2022-09-18,8,176.0002616
2022-09-25,8,168.2151234
2022-10-02,8,155.35208
2022-10-09,8,178.2889142
2022-10-16,8,204.9680811
2022-10-23,8,165.4126934
2022-10-30,8,183.9755784
2022-11-06,8,144.0646108
2022-11-13,8,151.1509927
2022-11-20,8,180.0774962
2022-11-27,8,200.6613415
2022-12-04,8,178.4409383
2022-12-11,8,165.4171611
2022-12-18,8,172.0138001
2022-12-25,8,147.3694677
2023-01-01,8,184.8175793
2023-01-08,8,190.7235843
2023-01-15,8,164.3847668
2023-01-22,8,164.3753808
2023-01-29,8,179.4434387
2023-02-05,8,165.7411298
2023-02-12,8,173.5025225
2023-02-19,8,217.169261
2023-02-26,8,170.5839615
2023-03-05,8,168.7073228
2023-03-12,8,163.2729401
2023-03-19,8,191.457266
2023-03-26,8,173.2985935
2023-04-02,8,164.2852665
2023-04-09,8,204.0484583
2023-04-16,8,206.3640881
2023-04-23,8,166.313207
2023-04-30,8,141.3405296
2023-05-07,8,199.1712528
2023-05-14,8,165.6780329
2023-05-21,8,195.5327917
2023-05-28,8,140.6678537
2023-06-04,8,198.2715272
2023-06-11,8,156.5457922
2023-06-18,8,195.7341635
2023-06-25,8,181.7539928
2023-07-02,8,162.7393934
2023-07-09,8,174.0271059
2023-07-16,8,196.2438517
2023-07-23,8,184.9850219
2023-07-30,8,194.9050428
2023-08-06,8,223.0952453
2023-08-13,8,152.6312517
2023-08-20,8,216.6099858
2023-08-27,8,186.7025034
2023-09-03,8,166.989354
2023-09-10,8,158.7084128
2023-09-17,8,181.8819278
2023-09-24,8,204.4469883
2023-10-01,8,183.812654
2023-10-08,8,216.9363853
2023-10-15,8,158.0394233
2023-10-22,8,187.1708085
2023-10-29,8,162.7143689
2023-11-05,8,195.3845258
2023-11-12,8,206.1992863
2023-11-19,8,180.3959529
2023-11-26,8,137.076562
2023-12-03,8,193.4894524
2023-12-10,8,198.5949109
2023-12-17,8,198.2956853
2023-12-24,8,215.2750844
2023-12-31,8,169.4880173
2024-01-07,8,204.8630634
2024-01-14,8,215.4585419
2024-01-21,8,156.3862903
2024-01-28,8,198.7007288
2024-02-04,8,182.573746
2024-02-11,8,191.3765395
2024-02-18,8,200.310173
2024-02-25,8,183.9617224
2024-03-03,8,180.5417825
2024-03-10,8,195.0886428
2024-03-17,8,173.010326
2024-03-24,8,173.3883925
2024-03-31,8,209.0420111
2024-04-07,8,172.8283151
2024-04-14,8,209.4800962
2024-04-21,8,205.7553224
2024-04-28,8,162.3370123
2024-05-05,8,183.6515042
2024-05-12,8,221.4346356
2024-05-19,8,178.2787873
2024-05-26,8,188.963663
2024-06-02,8,207.8426165
2024-06-09,8,214.6188591
2024-06-16,8,194.2699216
2024-06-23,8,187.7001458
2024-06-30,8,228.4473972
2019-01-06,9,136.7525366
2019-01-13,9,137.2672043
2019-01-20,9,149.3269837
2019-01-27,9,141.615208
2019-02-03,9,155.2231608
2019-02-10,9,144.6311747
2019-02-17,9,139.9424625
2019-02-24,9,148.503516
2019-03-03,9,148.8329064
2019-03-10,9,148.0475935
2019-03-17,9,143.3150437
2019-03-24,9,133.4581519
2019-03-31,9,138.1135073
2019-04-07,9,134.7021931
2019-04-14,9,118.8582616
2019-04-21,9,118.6776787
2019-04-28,9,112.6982093
2019-05-05,9,109.5370938
2019-05-12,9,101.7392156
2019-05-19,9,96.80428647
2019-05-26,9,94.87036344
2019-06-02,9,80.83197988
2019-06-09,9,85.13177463
2019-06-16,9,82.57489053
2019-06-23,9,80.91630401
2019-06-30,9,58.42215237
2019-07-07,9,65.19217475
2019-07-14,9,53.87225532
2019-07-21,9,49.77690239
2019-07-28,9,61.6209218
2019-08-04,9,58.56703048
2019-08-11,9,62.4484421
2019-08-18,9,64.48975579
2019-08-25,9,70.12103321
2019-09-01,9,66.66473857
2019-09-08,9,84.18526193
2019-09-15,9,74.89269408
2019-09-22,9,86.93408935
2019-09-29,9,70.92926727
2019-10-06,9,94.65904672
2019-10-13,9,92.69653236
2019-10-20,9,89.84422869
2019-10-27,9,107.888229
2019-11-03,9,110.5993343
2019-11-10,9,121.3853466
2019-11-17,9,129.8664663
2019-11-24,9,123.5597
2019-12-01,9,142.0580118
2019-12-08,9,142.6957552
2019-12-15,9,154.7321764
2019-12-22,9,151.7996543
2019-12-29,9,154.8182139
2020-01-05,9,161.0798887
2020-01-12,9,164.6081122
2020-01-19,9,163.278232
2020-01-26,9,165.9120478
2020-02-02,9,163.3476229
2020-02-09,9,167.6735039
2020-02-16,9,172.8690893
2020-02-23,9,167.7279387
2020-03-01,9,171.694197
2020-03-08,9,163.2935547
2020-03-15,9,154.0128996
2020-03-22,9,160.5339141
2020-03-29,9,150.0413496
2020-04-05,9,147.6545135
2020-04-12,9,150.0426641
2020-04-19,9,132.782573
2020-04-26,9,133.9229019
2020-05-03,9,127.2736421
2020-05-10,9,125.3093246
2020-05-17,9,120.4476588
2020-05-24,9,111.9837777
2020-05-31,9,103.5658357
2020-06-07,9,102.7300224
2020-06-14,9,102.4068644
2020-06-21,9,91.39981854
2020-06-28,9,86.51579927
2020-07-05,9,86.67537201
2020-07-12,9,82.42750939
2020-07-19,9,73.70293001
2020-07-26,9,80.43577353
2020-08-02,9,72.06477239
2020-08-09,9,80.9537348
2020-08-16,9,76.10261756
2020-08-23,9,81.99442407
2020-08-30,9,86.17955918
2020-09-06,9,99.57749156
2020-09-13,9,94.72833825
2020-09-20,9,102.12174
2020-09-27,9,109.4591405
2020-10-04,9,107.8042545
2020-10-11,9,112.4277381
2020-10-18,9,111.6139956
2020-10-25,9,122.5385667
2020-11-01,9,125.8217263
2020-11-08,9,133.8021334
2020-11-15,9,151.4985071
2020-11-22,9,148.9367173
2020-11-29,9,149.9980761
2020-12-06,9,166.9776033
2020-12-13,9,170.2440827
2020-12-20,9,175.4314462
2020-12-27,9,164.7843442
2021-01-03,9,187.9525764
2021-01-10,9,178.7525854
2021-01-17,9,188.1206937
2021-01-24,9,198.8516233
2021-01-31,9,198.3029773
2021-02-07,9,183.2104859
2021-02-14,9,180.7227621
2021-02-21,9,194.2264924
2021-02-28,9,186.2145041
2021-03-07,9,180.7571858
2021-03-14,9,183.490551
2021-03-21,9,176.1052195
2021-03-28,9,176.4290108
2021-04-04,9,168.7907265
2021-04-11,9,167.2016866
2021-04-18,9,153.9271562
2021-04-25,9,160.0886839
2021-05-02,9,150.8613959
2021-05-09,9,144.9382072
2021-05-16,9,130.4655985
2021-05-23,9,139.0001748
2021-05-30,9,125.0679219
2021-06-06,9,123.6805457
2021-06-13,9,113.6782663
2021-06-20,9,112.2711371
2021-06-27,9,108.616652
2021-07-04,9,89.74640231
2021-07-11,9,104.0767687
2021-07-18,9,108.9570958
2021-07-25,9,100.4771104
2021-08-01,9,92.34412973
2021-08-08,9,100.4580146
2021-08-15,9,103.3061945
2021-08-22,9,102.0902191
2021-08-29,9,101.3778953
2021-09-05,9,103.4328445
2021-09-12,9,106.9446022
2021-09-19,9,115.788936
2021-09-26,9,109.924936
2021-10-03,9,120.2357802
2021-10-10,9,135.6124768
2021-10-17,9,141.6741144
2021-10-24,9,132.2305014
2021-10-31,9,140.2479986
2021-11-07,9,150.9154639
2021-11-14,9,163.0874686
2021-11-21,9,155.7484508
2021-11-28,9,170.6926942
2021-12-05,9,174.4132518
2021-12-12,9,188.8885799
2021-12-19,9,178.9316971
2021-12-26,9,192.3510236
2022-01-02,9,193.9457166
2022-01-09,9,206.6882556
2022-01-16,9,205.1084675
2022-01-23,9,201.2922554
2022-01-30,9,209.8841808
2022-02-06,9,204.3486309
2022-02-13,9,211.2398361
2022-02-20,9,204.2888906
2022-02-27,9,209.2755943
2022-03-06,9,204.0339735
2022-03-13,9,215.3668704
2022-03-20,9,195.4158558
2022-03-27,9,193.6697863
2022-04-03,9,184.9546996
2022-04-10,9,182.5517431
2022-04-17,9,163.8806573
2022-04-24,9,174.3140301
2022-05-01,9,173.1249573
2022-05-08,9,162.7323417
2022-05-15,9,148.5197946
2022-05-22,9,145.5085377
2022-05-29,9,131.9692195
2022-06-05,9,143.8751872
2022-06-12,9,129.1456765
2022-06-19,9,129.6443813
2022-06-26,9,125.109665
2022-07-03,9,129.9499334
2022-07-10,9,120.1670687
2022-07-17,9,121.6561613
2022-07-24,9,118.8926669
2022-07-31,9,122.2097927
2022-08-07,9,114.1891537
2022-08-14,9,125.4300109
2022-08-21,9,107.5708712
2022-08-28,9,123.9083999
2022-09-04,9,118.0886863
2022-09-11,9,123.4021425
2022-09-18,9,132.7555442
2022-09-25,9,137.3029854
2022-10-02,9,142.5990774
2022-10-09,9,138.1220987
2022-10-16,9,158.1244901
2022-10-23,9,152.4636257
2022-10-30,9,159.3958061
2022-11-06,9,172.7791703
2022-11-13,9,174.5184623
2022-11-20,9,183.7734904
2022-11-27,9,177.5610302
2022-12-04,9,195.6256664
2022-12-11,9,200.8214627
2022-12-18,9,202.3044153
2022-12-25,9,199.1286758
2023-01-01,9,212.5420064
2023-01-08,9,216.9333237
2023-01-15,9,218.1594535
2023-01-22,9,213.0147616
2023-01-29,9,231.6671344
2023-02-05,9,221.2781304
2023-02-12,9,223.4153054
2023-02-19,9,211.812054
2023-02-26,9,230.4607482
2023-03-05,9,218.0996988
2023-03-12,9,218.2245299
2023-03-19,9,220.033692
2023-03-26,9,207.1972556
2023-04-02,9,211.0556798
2023-04-09,9,191.1734142
2023-04-16,9,199.1295644
2023-04-23,9,198.8635467
2023-04-30,9,182.5440545
2023-05-07,9,185.3860977
2023-05-14,9,183.2956764
2023-05-21,9,167.2622871
2023-05-28,9,161.4214814
2023-06-04,9,153.4362557
2023-06-11,9,150.5238647
2023-06-18,9,144.5421802
2023-06-25,9,140.1412199
2023-07-02,9,147.1829022
2023-07-09,9,134.3802768
2023-07-16,9,137.3994597
2023-07-23,9,134.7480333
2023-07-30,9,141.1979771
2023-08-06,9,131.0603724
2023-08-13,9,136.0755299
2023-08-20,9,139.4402226
2023-08-27,9,144.9561537
2023-09-03,9,137.6243566
2023-09-10,9,140.4783956
2023-09-17,9,142.219123
2023-09-24,9,163.2227707
2023-10-01,9,163.9695701
2023-10-08,9,162.2672995
2023-10-15,9,177.9180698
2023-10-22,9,173.8068027
2023-10-29,9,184.1833499
2023-11-05,9,186.9617669
2023-11-12,9,195.2669618
2023-11-19,9,201.0339189
2023-11-26,9,203.5912575
2023-12-03,9,217.079655
2023-12-10,9,220.7772991
2023-12-17,9,227.5199226
2023-12-24,9,228.6999268
2023-12-31,9,226.7533689
2024-01-07,9,243.4350045
2024-01-14,9,236.544412
2024-01-21,9,241.9759216
2024-01-28,9,244.931899
2024-02-04,9,244.4243943
2024-02-11,9,247.3718274
2024-02-18,9,247.597039
2024-02-25,9,239.8325983
2024-03-03,9,247.1254663
2024-03-10,9,235.053199
2024-03-17,9,234.8522013
2024-03-24,9,227.4537146
2024-03-31,9,221.7511353
2024-04-07,9,225.6356525
2024-04-14,9,230.9634606
2024-04-21,9,208.2060047
2024-04-28,9,210.5562917
2024-05-05,9,197.2044025
2024-05-12,9,193.1121535
2024-05-19,9,196.3467519
2024-05-26,9,176.735415
2024-06-02,9,170.1907513
2024-06-09,9,171.5390019
2024-06-16,9,170.7779455
2024-06-23,9,165.7244448
2024-06-30,9,161.6815885
2019-01-06,10,111.5741232
2019-01-13,10,100.3279267
2019-01-20,10,128.0991784
2019-01-27,10,74.46190775
2019-02-03,10,77.25817377
2019-02-10,10,61.39721295
2019-02-17,10,53.1958996
2019-02-24,10,75.89316715
2019-03-03,10,65.32694871
2019-03-10,10,112.0919037
2019-03-17,10,71.53589703
2019-03-24,10,104.4316228
2019-03-31,10,100.466758
2019-04-07,10,80.24000625
2019-04-14,10,130.5721101
2019-04-21,10,98.07969827
2019-04-28,10,127.4270956
2019-05-05,10,129.3971361
2019-05-12,10,113.6281918
2019-05-19,10,123.5557315
2019-05-26,10,123.3352268
2019-06-02,10,89.25771036
2019-06-09,10,113.4516211
2019-06-16,10,132.7977443
2019-06-23,10,139.7248087
2019-06-30,10,91.65971585
2019-07-07,10,112.664328
2019-07-14,10,100.4741764
2019-07-21,10,90.06969596
2019-07-28,10,94.3894702
2019-08-04,10,86.62134967
2019-08-11,10,88.50053321
2019-08-18,10,102.5817291
2019-08-25,10,86.37564347
2019-09-01,10,74.87762901
2019-09-08,10,105.0549988
2019-09-15,10,90.21376633
2019-09-22,10,67.54105084
2019-09-29,10,47.44200736
2019-10-06,10,55.28608479
2019-10-13,10,97.61997942
2019-10-20,10,70.66970248
2019-10-27,10,67.57351245
2019-11-03,10,76.8917133
2019-11-10,10,82.21482352
2019-11-17,10,116.2286904
2019-11-24,10,98.47001418
2019-12-01,10,75.52407319
2019-12-08,10,103.837558
2019-12-15,10,106.7510868
2019-12-22,10,90.68458017
2019-12-29,10,120.3284025
2020-01-05,10,84.86183024
2020-01-12,10,110.8547418
2020-01-19,10,95.61373994
2020-01-26,10,97.0523691
2020-02-02,10,51.52140705
2020-02-09,10,70.83118157
2020-02-16,10,63.82861658
2020-02-23,10,33.32271254
2020-03-01,10,81.75945221
2020-03-08,10,42.32477871
2020-03-15,10,46.65191217
2020-03-22,10,39.87327419
2020-03-29,10,76.49035259
2020-04-05,10,35.15106773
2020-04-12,10,81.90085011
2020-04-19,10,94.73387304
2020-04-26,10,89.04518516
2020-05-03,10,96.89211061
2020-05-10,10,101.7773544
2020-05-17,10,70.90544296
2020-05-24,10,121.0453709
2020-05-31,10,84.59291615
2020-06-07,10,92.79382743
2020-06-14,10,86.64022225
2020-06-21,10,101.167134
2020-06-28,10,77.58368992
2020-07-05,10,85.80843183
2020-07-12,10,55.21018837
2020-07-19,10,98.22153726
2020-07-26,10,83.1865856
2020-08-02,10,58.88030371
2020-08-09,10,50.6779133
2020-08-16,10,68.91992039
2020-08-23,10,38.69194437
2020-08-30,10,53.16371531
2020-09-06,10,72.81699736
2020-09-13,10,33.45199257
2020-09-20,10,58.26746291
2020-09-27,10,59.46783305
2020-10-04,10,54.35332766
2020-10-11,10,50.05777284
2020-10-18,10,88.70798461
2020-10-25,10,56.91662279
2020-11-01,10,36.98287928
2020-11-08,10,90.01773413
2020-11-15,10,56.54169336
2020-11-22,10,96.92891662
2020-11-29,10,111.3096576
2020-12-06,10,97.61557188
2020-12-13,10,105.7026159
2020-12-20,10,122.796941
2020-12-27,10,98.80885393
2021-01-03,10,82.81072641
2021-01-10,10,104.4512959
2021-01-17,10,101.950449
2021-01-24,10,97.08652681
2021-01-31,10,46.77502517
2021-02-07,10,24.76916035
2021-02-14,10,36.59754503
2021-02-21,10,58.34817557
2021-02-28,10,45.0500734
2021-03-07,10,36.42542106
2021-03-14,10,51.60502529
2021-03-21,10,11.96088014
2021-03-28,10,46.24623486
2021-04-04,10,68.76369092
2021-04-11,10,61.08638897
2021-04-18,10,68.14127004
2021-04-25,10,90.69372821
2021-05-02,10,61.82389622
2021-05-09,10,54.17015132
2021-05-16,10,94.53590593
2021-05-23,10,96.88673949
2021-05-30,10,86.37663183
2021-06-06,10,72.65644383
2021-06-13,10,75.39315953
2021-06-20,10,48.18903909
2021-06-27,10,93.27423314
2021-07-04,10,88.92738738
2021-07-11,10,36.75825536
2021-07-18,10,75.4536872
2021-07-25,10,61.04628148
2021-08-01,10,27.41873332
2021-08-08,10,18.93786136
2021-08-15,10,46.29031332
2021-08-22,10,27.41659342
2021-08-29,10,69.28671243
2021-09-05,10,50.54689893
2021-09-12,10,40.72641946
2021-09-19,10,42.61599203
2021-09-26,10,60.74550343
2021-10-03,10,53.96987
2021-10-10,10,50.69530037
2021-10-17,10,25.27254242
2021-10-24,10,110.5501447
2021-10-31,10,31.66017267
2021-11-07,10,51.58951963
2021-11-14,10,28.30813381
2021-11-21,10,74.96065411
2021-11-28,10,69.02754934
2021-12-05,10,82.04473396
2021-12-12,10,31.54234506
2021-12-19,10,87.02062027
2021-12-26,10,45.97706946
2022-01-02,10,55.56555835
2022-01-09,10,72.84030736
2022-01-16,10,54.57122581
2022-01-23,10,50.85641447
2022-01-30,10,55.08367912
2022-02-06,10,42.84490202
2022-02-13,10,23.16138711
2022-02-20,10,23.14158222
2022-02-27,10,28.1517387
2022-03-06,10,4.529597316
2022-03-13,10,42.03575542
2022-03-20,10,28.710416
2022-03-27,10,26.3338029
2022-04-03,10,51.53824997
2022-04-10,10,28.90024644
2022-04-17,10,31.80334895
2022-04-24,10,30.18345635
2022-05-01,10,51.160716
2022-05-08,10,54.61492505
2022-05-15,10,38.73010906
2022-05-22,10,51.34624696
2022-05-29,10,43.60226588
2022-06-05,10,43.51128481
2022-06-12,10,22.67791909
2022-06-19,10,51.17679648
2022-06-26,10,19.18715069
2022-07-03,10,40.45677057
2022-07-10,10,33.16926297
2022-07-17,10,61.62727958
2022-07-24,10,15.17223789
2022-07-31,10,15.11973074
2022-08-07,10,17.85262672
2022-08-14,10,9.547732101
2022-08-21,10,44.9612498
2022-08-28,10,0
2022-09-04,10,5.804304375
2022-09-11,10,19.62579247
2022-09-18,10,31.34946232
2022-09-25,10,7.948429872
2022-10-02,10,0
2022-10-09,10,18.9057256
2022-10-16,10,53.06775128
2022-10-23,10,36.08460132
2022-10-30,10,39.60186203
2022-11-06,10,17.78836019
2022-11-13,10,19.39153033
2022-11-20,10,45.97152393
2022-11-27,10,19.05016746
2022-12-04,10,64.0994661
2022-12-11,10,31.28928286
2022-12-18,10,46.32879986
2022-12-25,10,6.616821471
2023-01-01,10,33.00051317
2023-01-08,10,12.91743071
2023-01-15,10,0
2023-01-22,10,37.56110018
2023-01-29,10,54.41137441
2023-02-05,10,39.28930767
2023-02-12,10,25.9553652
2023-02-19,10,0.40376144
2023-02-26,10,22.10145472
2023-03-05,10,28.82700789
2023-03-12,10,6.595720993
2023-03-19,10,0
2023-03-26,10,0
2023-04-02,10,43.05169857
2023-04-09,10,11.02105044
2023-04-16,10,0
2023-04-23,10,0
2023-04-30,10,16.95733988
2023-05-07,10,50.36536132
2023-05-14,10,27.88783652
2023-05-21,10,57.40507624
2023-05-28,10,27.83243472
2023-06-04,10,0.044071539
2023-06-11,10,29.33141982
2023-06-18,10,44.74220379
2023-06-25,10,40.6669592
2023-07-02,10,6.93383068
2023-07-09,10,20.81932564
2023-07-16,10,76.76535895
2023-07-23,10,0
2023-07-30,10,26.04864673
2023-08-06,10,0
2023-08-13,10,20.77214286
2023-08-20,10,0
2023-08-27,10,5.068396161
2023-09-03,10,0
2023-09-10,10,0.557039135
2023-09-17,10,0
2023-09-24,10,0
2023-10-01,10,8.498279066
2023-10-08,10,0
2023-10-15,10,14.7902612
2023-10-22,10,7.754063781
2023-10-29,10,17.36777659
2023-11-05,10,29.14815346
2023-11-12,10,16.99146643
2023-11-19,10,7.096447569
2023-11-26,10,18.48191245
2023-12-03,10,54.08455371
2023-12-10,10,32.42063358
2023-12-17,10,11.96107407
2023-12-24,10,34.54994996
2023-12-31,10,32.5576272
2024-01-07,10,29.44887271
2024-01-14,10,0
2024-01-21,10,0
2024-01-28,10,0
2024-02-04,10,0
2024-02-11,10,5.453175017
2024-02-18,10,0
2024-02-25,10,0
2024-03-03,10,13.3629899
2024-03-10,10,0
2024-03-17,10,0
2024-03-24,10,0
2024-03-31,10,0
2024-04-07,10,0
2024-04-14,10,14.34546279
2024-04-21,10,1.589670826
2024-04-28,10,0
2024-05-05,10,0
2024-05-12,10,13.23813309
2024-05-19,10,35.51350432
2024-05-26,10,51.71560043
2024-06-02,10,16.91241104
2024-06-09,10,20.13092342
2024-06-16,10,0
2024-06-23,10,56.38831412
2024-06-30,10,0